accident_type,burns,damages,deaths,end_time,fire_station,fire_trucks,fire_vessels,firefighters,incident,incident_detail,injuries,location_description,municipality,people_involved,prefecture,start_time,village
,0,0,0,,Π.Υ. ΑΡΓΟΣΤΟΛΙΟΥ,1,,3, ΠΥΡΚΑΓΙΑ,ΜΙΚΡΗ,0,ΧΩΡΟΙ ΑΠΟΡΡΙΜΑΤΩΝ                       ,Δ. ΚΕΦΑΛΛΟΝΙΑΣ,1,ΚΕΦΑΛΛΟΝΙΑΣ,2014-01-09T00:00:00,ΚΑΡΑΒΑΔΟΣ
,0,0,0,,1ος  Π.Σ. ΧΑΝΙΩΝ,2,,4, ΠΥΡΚΑΓΙΑ,ΜΙΚΡΗ,0,ΔΙΠΛΟΚΑΤΟΙΚΙΕΣ                          ,Δ. ΧΑΝΙΩΝ,1,ΧΑΝΙΩΝ,2014-01-29T00:00:00,
,0,0,0,,1ος  Π.Σ. ΛΑΡΙΣΑΣ,2,,5, ΠΥΡΚΑΓΙΑ,ΜΙΚΡΗ,0,ΔΙΠΛΟΚΑΤΟΙΚΙΕΣ                          ,Δ. ΛΑΡΙΣΑΙΩΝ,1,ΛΑΡΙΣΑΣ,2014-02-21T00:00:00,
,0,0,0,, 7ος Π.Σ. ΑΘΗΝΩΝ,2,,6, ΠΥΡΚΑΓΙΑ,ΜΙΚΡΗ,0,ΑΡΧΑΙΟΛΟΓΙΚΟΙ ΧΩΡΟΙ                     ,Δ. ΑΛΙΜΟΥ,1,ΑΤΤΙΚΗΣ,2014-03-04T00:00:00,
,0,0,0,,1ος  Π.Σ. ΠΑΤΡΩΝ,1,,2, ΠΑΡΟΧΗ ΒΟΗΘΕΙΑΣ,ΑΝΤΛΗΣΗ ΝΕΡΟΥ,0,ΚΤΙΡΙΑ ΔΙΑΜΕΡΙΣΜΑΤΩΝ                    ,Δ. ΠΑΤΡΕΩΝ,1,ΑΧΑΙΑΣ,2014-03-08T00:00:00,
,0,0,0,,3ος  Π.Σ. ΘΕΣΣΑΛΟΝΙΚΗΣ,1,,2, ΠΥΡΚΑΓΙΑ,ΜΙΚΡΗ,0,ΠΕΖΟΔΡΟΜΙΑ                              ,Δ. ΘΕΣΣΑΛΟΝΙΚΗΣ,1,ΘΕΣΣΑΛΟΝΙΚΗΣ,2014-03-09T00:00:00,
,0,0,0,2014-03-15T01:20:00, 6ος Π.Σ. ΑΘΗΝΩΝ,2,,9, ΠΥΡΚΑΓΙΑ,ΜΙΚΡΗ,0,ΑΥΤΟΚΙΝΗΤΑ                              ,Δ. ΑΧΑΡΝΩΝ,1,ΑΤΤΙΚΗΣ,2014-03-15T00:00:00,ΑΧΑΡΝΑΙ
,0,0,0,2014-03-16T00:35:00,10ος Π.Σ. ΑΘΗΝΩΝ,,,, ΠΥΡΚΑΓΙΑ,ΜΙΚΡΗ,0,ΟΔΟΣ                                    ,Δ. ΧΑΪΔΑΡΙΟΥ,1,ΑΤΤΙΚΗΣ,2014-03-15T00:00:00,ΧΑΙΔΑΡΙ
ΑΠΕΛΕΥΘΕΡΩΣΗ,0,0,0,,1ος  Π.Σ. ΠΑΤΡΩΝ,1,,3, ΕΠΕΜΒΑΣΗ ΣΕ ΑΝΕΛΚΥΣΤΗΡΑ,ΑΠΕΛΕΥΘΕΡΩΣΗ ΑΠΟ ΑΝΕΛΚΥΣΤΗΡΑ,0,ΚΤΙΡΙΑ ΔΙΑΜΕΡΙΣΜΑΤΩΝ                    ,Δ. ΠΑΤΡΕΩΝ,1,ΑΧΑΙΑΣ,2014-03-16T00:00:00,
,0,0,0,, 4ος Π.Σ. ΑΘΗΝΩΝ,1,,2, ΠΥΡΚΑΓΙΑ,ΜΙΚΡΗ,0,ΠΡΑΝΟΙ ΟΔΩΝ                             ,Δ. ΦΙΛΟΘΕΗΣ - ΨΥΧΙΚΟΥ,1,ΑΤΤΙΚΗΣ,2014-03-24T00:00:00,
,0,0,0,,Π.Κ. ΛΑΓΚΑΔΑ,1,,2, ΠΥΡΚΑΓΙΑ,ΜΙΚΡΗ,0,ΠΡΑΝΟΙ ΟΔΩΝ                             ,Δ. ΛΑΓΚΑΔΑ,1,ΘΕΣΣΑΛΟΝΙΚΗΣ,2014-03-27T00:00:00,
,0,0,0,,Π.Υ. ΕΛΕΥΣΙΝΑΣ,1,,2, ΠΥΡΚΑΓΙΑ,ΜΙΚΡΗ,0,ΟΙΚΟΠΕΔΙΚΟΙ ΧΩΡΟΙ                       ,Δ. ΑΣΠΡΟΠΥΡΓΟΥ,1,ΑΤΤΙΚΗΣ,2014-04-02T00:00:00,
,0,0,0,,3ος  Π.Σ. ΠΕΙΡΑΙΑ,4,,10, ΠΥΡΚΑΓΙΑ,ΜΕΣΑΙΑ,0,ΚΤΙΡΙΑ ΔΙΑΜΕΡΙΣΜΑΤΩΝ                    ,Δ. ΚΕΡΑΤΣΙΝΙΟΥ - ΔΡΑΠΕΤΣΩΝΑΣ,1,ΑΤΤΙΚΗΣ,2014-04-09T00:00:00,
,0,0,0,,Π.Υ. ΚΑΤΕΡΙΝΗΣ,1,,2, ΠΑΡΟΧΗ ΒΟΗΘΕΙΑΣ,ΑΝΤΛΗΣΗ ΝΕΡΟΥ,0,ΚΤΙΡΙΑ ΔΙΑΜΕΡΙΣΜΑΤΩΝ                    ,Δ. ΚΑΤΕΡΙΝΗΣ,1,ΠΙΕΡΙΑΣ,2014-04-12T00:00:00,ΚΑΤΕΡΙΝΗ
,0,0,0,, 2ος Π.Σ. ΑΘΗΝΩΝ,,,, ΠΥΡΚΑΓΙΑ,ΜΙΚΡΗ,0,ΠΕΖΟΔΡΟΜΙΑ                              ,Δ. ΑΙΓΑΛΕΩ,1,ΑΤΤΙΚΗΣ,2014-04-19T00:00:00,
,0,0,0,, 2ος Π.Σ. ΑΘΗΝΩΝ,,,, ΠΥΡΚΑΓΙΑ,ΜΙΚΡΗ,0,ΠΕΖΟΔΡΟΜΙΑ                              ,Δ. ΑΙΓΑΛΕΩ,1,ΑΤΤΙΚΗΣ,2014-04-19T00:00:00,
,0,0,0,, 2ος Π.Σ. ΑΘΗΝΩΝ,,,, ΠΥΡΚΑΓΙΑ,ΜΙΚΡΗ,0,ΠΕΖΟΔΡΟΜΙΑ                              ,Δ. ΑΙΓΑΛΕΩ,1,ΑΤΤΙΚΗΣ,2014-04-19T00:00:00,
ΑΠΕΛΕΥΘΕΡΩΣΗ,0,0,0,, 7ος Π.Σ. ΑΘΗΝΩΝ,1,,3, ΕΠΕΜΒΑΣΗ ΣΕ ΑΝΕΛΚΥΣΤΗΡΑ,ΑΠΕΛΕΥΘΕΡΩΣΗ ΑΠΟ ΑΝΕΛΚΥΣΤΗΡΑ,0,ΚΤΙΡΙΑ ΔΙΑΜΕΡΙΣΜΑΤΩΝ                    ,Δ. ΠΑΛΑΙΟΥ ΦΑΛΗΡΟΥ,2,ΑΤΤΙΚΗΣ,2014-04-19T00:00:00,
,0,0,0,, 7ος Π.Σ. ΑΘΗΝΩΝ,1,,5, ΠΥΡΚΑΓΙΑ,ΜΙΚΡΗ,0,ΠΕΖΟΔΡΟΜΙΑ                              ,Δ. ΑΘΗΝΑΙΩΝ,1,ΑΤΤΙΚΗΣ,2014-04-26T00:00:00,
,0,0,0,,1ος  Π.Σ. ΛΑΡΙΣΑΣ,,,, ΕΠΕΜΒΑΣΗ ΣΕ ΑΝΕΛΚΥΣΤΗΡΑ,ΑΠΕΛΕΥΘΕΡΩΣΗ ΑΠΟ ΑΝΕΛΚΥΣΤΗΡΑ,0,ΚΤΙΡΙΑ ΔΙΑΜΕΡΙΣΜΑΤΩΝ                    ,Δ. ΛΑΡΙΣΑΙΩΝ,1,ΛΑΡΙΣΑΣ,2014-05-18T00:00:00,
,0,0,0,,Π.Κ. ΦΑΡΣΑΛΩΝ,1,,2, ΠΥΡΚΑΓΙΑ,ΜΙΚΡΗ,0,ΟΙΚΟΠΕΔΙΚΟΙ ΧΩΡΟΙ                       ,Δ. ΦΑΡΣΑΛΩΝ,1,ΛΑΡΙΣΑΣ,2014-06-01T00:00:00,
ΑΠΕΛΕΥΘΕΡΩΣΗ,0,0,0,,1ος  Π.Σ. ΘΕΣΣΑΛΟΝΙΚΗΣ,1,,2, ΕΠΕΜΒΑΣΗ ΣΕ ΑΝΕΛΚΥΣΤΗΡΑ,ΑΠΕΛΕΥΘΕΡΩΣΗ ΑΠΟ ΑΝΕΛΚΥΣΤΗΡΑ,0,ΚΤΙΡΙΑ ΔΙΑΜΕΡΙΣΜΑΤΩΝ                    ,Δ. ΘΕΣΣΑΛΟΝΙΚΗΣ,1,ΘΕΣΣΑΛΟΝΙΚΗΣ,2014-06-08T00:00:00,
,0,0,0,, 1ος Π.Σ. ΑΘΗΝΩΝ,1,,2, ΠΑΡΟΧΗ ΒΟΗΘΕΙΑΣ,ΑΦΑΙΡΕΣΗ ΑΝΤΙΚΕΙΜΕΝΩΝ - ΚΑΤΑΡΡΕΥΣΕΙΣ,0,ΟΔΟΣ                                    ,Δ. ΑΘΗΝΑΙΩΝ,1,ΑΤΤΙΚΗΣ,2014-06-18T00:00:00,
,0,0,0,,1ος  Π.Σ. ΘΕΣΣΑΛΟΝΙΚΗΣ,1,,2, ΠΑΡΟΧΗ ΒΟΗΘΕΙΑΣ,ΑΝΤΛΗΣΗ ΝΕΡΟΥ,0,ΚΑΤΑΣΤΗΜΑΤΑ                             ,Δ. ΘΕΣΣΑΛΟΝΙΚΗΣ,1,ΘΕΣΣΑΛΟΝΙΚΗΣ,2014-06-28T00:00:00,
ΑΠΕΛΕΥΘΕΡΩΣΗ,0,0,0,,3ος  Π.Σ. ΘΕΣΣΑΛΟΝΙΚΗΣ,1,,3, ΕΠΕΜΒΑΣΗ ΣΕ ΑΝΕΛΚΥΣΤΗΡΑ,ΑΠΕΛΕΥΘΕΡΩΣΗ ΑΠΟ ΑΝΕΛΚΥΣΤΗΡΑ,0,ΚΤΙΡΙΑ ΔΙΑΜΕΡΙΣΜΑΤΩΝ                    ,Δ. ΘΕΣΣΑΛΟΝΙΚΗΣ,1,ΘΕΣΣΑΛΟΝΙΚΗΣ,2014-07-02T00:00:00,
,0,0,0,,Π.Υ. ΑΡΤΑΣ,1,,2, ΠΥΡΚΑΓΙΑ,ΜΙΚΡΗ,0,ΠΡΑΝΟΙ ΟΔΩΝ                             ,Δ. ΝΙΚΟΛΑΟΥ ΣΚΟΥΦΑ,1,ΑΡΤΑΣ,2014-07-04T00:00:00,
,0,0,0,, 2ος Π.Σ. ΑΘΗΝΩΝ,,,, ΠΑΡΟΧΗ ΒΟΗΘΕΙΑΣ,ΔΙΑΦΥΓΗ ΕΠΙΚΙΝΔΥΝΩΝ ΟΥΣΙΩΝ,0,ΟΔΟΣ                                    ,Δ. ΑΘΗΝΑΙΩΝ,1,ΑΤΤΙΚΗΣ,2014-07-09T00:00:00,
,0,0,0,2014-07-13T02:20:00,12ος Π.Σ. ΑΘΗΝΩΝ,2,,6, ΠΥΡΚΑΓΙΑ,ΜΕΣΑΙΑ,0,ΚΤΙΡΙΑ ΔΙΑΜΕΡΙΣΜΑΤΩΝ                    ,Δ. ΑΓΙΑΣ ΠΑΡΑΣΚΕΥΗΣ,1,ΑΤΤΙΚΗΣ,2014-07-13T00:00:00,ΑΓΙΑ ΠΑΡΑΣΚΕΥΗ
,0,0,0,,3ος  Π.Σ. ΠΕΙΡΑΙΑ,1,,3, ΠΥΡΚΑΓΙΑ,ΜΙΚΡΗ,0,ΚΤΙΡΙΑ ΔΙΑΜΕΡΙΣΜΑΤΩΝ                    ,Δ. ΚΕΡΑΤΣΙΝΙΟΥ - ΔΡΑΠΕΤΣΩΝΑΣ,1,ΑΤΤΙΚΗΣ,2014-07-24T00:00:00,
,0,0,0,, 1ος Π.Σ. ΑΘΗΝΩΝ,1,,2, ΠΥΡΚΑΓΙΑ,ΜΙΚΡΗ,0,ΠΕΖΟΔΡΟΜΙΑ                              ,Δ. ΑΘΗΝΑΙΩΝ,1,ΑΤΤΙΚΗΣ,2014-07-26T00:00:00,
,0,0,0,,4ος Π.Σ. ΒΙΠΕ ΗΡΑΚΛΕΙΟΥ,1,,2, ΠΥΡΚΑΓΙΑ,ΜΙΚΡΗ,0,ΣΚΗΝΕΣ                                  ,Δ. ΗΡΑΚΛΕΙΟΥ,1,ΗΡΑΚΛΕΙΟΥ,2014-07-31T00:00:00,
,0,0,0,2014-08-10T00:26:00,12ος Π.Σ. ΑΘΗΝΩΝ,2,,6, ΠΑΡΟΧΗ ΒΟΗΘΕΙΑΣ,ΑΠΕΛΕΥΘΕΡΩΣΗ ΑΠΟ ΑΝΕΛΚΥΣΤΗΡΑ,0,ΚΤΙΡΙΑ ΔΙΑΜΕΡΙΣΜΑΤΩΝ                    ,Δ. ΑΓΙΑΣ ΠΑΡΑΣΚΕΥΗΣ,1,ΑΤΤΙΚΗΣ,2014-08-10T00:00:00,ΑΓΙΑ ΠΑΡΑΣΚΕΥΗ
ΑΠΕΛΕΥΘΕΡΩΣΗ,0,0,0,,3ος  Π.Σ. ΘΕΣΣΑΛΟΝΙΚΗΣ,1,,4, ΕΠΕΜΒΑΣΗ ΣΕ ΑΝΕΛΚΥΣΤΗΡΑ,ΑΠΕΛΕΥΘΕΡΩΣΗ ΑΠΟ ΑΝΕΛΚΥΣΤΗΡΑ,0,ΚΤΙΡΙΑ ΔΙΑΜΕΡΙΣΜΑΤΩΝ                    ,Δ. ΘΕΣΣΑΛΟΝΙΚΗΣ,3,ΘΕΣΣΑΛΟΝΙΚΗΣ,2014-08-29T00:00:00,
,0,0,0,,1ος  Π.Σ. ΗΡΑΚΛΕΙΟΥ,1,,3, ΠΥΡΚΑΓΙΑ,ΜΙΚΡΗ,0,ΟΙΚΟΠΕΔΙΚΟΙ ΧΩΡΟΙ                       ,Δ. ΗΡΑΚΛΕΙΟΥ,1,ΗΡΑΚΛΕΙΟΥ,2014-08-30T00:00:00,
,0,0,0,,Π.Υ. ΠΥΡΓΟΥ,1,,2, ΠΑΡΟΧΗ ΒΟΗΘΕΙΑΣ,ΑΝΟΙΓΜΑ ΘΥΡΩΝ,0,ΔΙΠΛΟΚΑΤΟΙΚΙΕΣ                          ,Δ. ΠΥΡΓΟΥ,1,ΗΛΕΙΑΣ,2014-08-31T00:00:00,
,0,0,0,, 8ος Π.Σ. ΑΘΗΝΩΝ,1,,2, ΕΠΕΜΒΑΣΗ ΣΕ ΑΝΕΛΚΥΣΤΗΡΑ,ΑΠΕΛΕΥΘΕΡΩΣΗ ΑΠΟ ΑΝΕΛΚΥΣΤΗΡΑ,0,ΞΕΝΟΔΟΧΕΙΑ                              ,Δ. ΒΑΡΗΣ - ΒΟΥΛΑΣ - ΒΟΥΛΙΑΓΜΕΝΗΣ,1,ΑΤΤΙΚΗΣ,2014-09-05T00:00:00,
ΔΙΑΣΩΣΗ,0,0,0,,Π.Υ. ΠΤΟΛΕΜΑΙΔΑΣ,1,,2, ΕΠΕΜΒΑΣΗ ΣΕ ΑΝΕΛΚΥΣΤΗΡΑ,ΑΠΕΛΕΥΘΕΡΩΣΗ ΑΠΟ ΑΝΕΛΚΥΣΤΗΡΑ,0,ΚΤΙΡΙΑ ΔΙΑΜΕΡΙΣΜΑΤΩΝ                    ,Δ. ΕΟΡΔΑΙΑΣ,1,ΚΟΖΑΝΗΣ,2014-09-15T00:00:00,
ΑΠΕΛΕΥΘΕΡΩΣΗ,0,0,0,,Π.Υ. ΚΑΤΕΡΙΝΗΣ,1,,2, ΕΠΕΜΒΑΣΗ ΣΕ ΑΝΕΛΚΥΣΤΗΡΑ,ΑΠΕΛΕΥΘΕΡΩΣΗ ΑΠΟ ΑΝΕΛΚΥΣΤΗΡΑ,0,ΚΤΙΡΙΑ ΔΙΑΜΕΡΙΣΜΑΤΩΝ                    ,Δ. ΚΑΤΕΡΙΝΗΣ,2,ΠΙΕΡΙΑΣ,2014-09-24T00:00:00,ΚΑΤΕΡΙΝΗ
,0,0,0,, 8ος Π.Σ. ΑΘΗΝΩΝ,1,,5, ΠΥΡΚΑΓΙΑ,ΜΙΚΡΗ,0,ΚΤΙΡΙΑ ΑΝΩΤΑΤΗΣ ΕΩΣ & ΔΗΜΟΤΙΚΗΣ ΕΚΠ/ΣΗΣ ,Δ. ΕΛΛΗΝΙΚΟΥ - ΑΡΓΥΡΟΥΠΟΛΗΣ,1,ΑΤΤΙΚΗΣ,2014-09-26T00:00:00,
,0,0,0,2014-10-21T00:27:00,10ος Π.Σ. ΑΘΗΝΩΝ,,,, ΠΥΡΚΑΓΙΑ,ΜΙΚΡΗ,0,ΟΙΚΟΠΕΔΙΚΟΙ ΧΩΡΟΙ                       ,Δ. ΦΥΛΗΣ,1,ΑΤΤΙΚΗΣ,2014-10-21T00:00:00,ΑΝΩ ΛΙΟΣΙΑ
,0,0,0,, 8ος Π.Σ. ΑΘΗΝΩΝ,,,5, ΠΑΡΟΧΗ ΒΟΗΘΕΙΑΣ,ΑΛΛΕΣ ΠΕΡΙΠΤΩΣΕΙΣ,0,,Δ. ΓΛΥΦΑΔΑΣ,1,ΑΤΤΙΚΗΣ,2014-11-16T00:00:00,
,0,0,0,,Π.Υ. ΔΙΔΥΜΟΤΕΙΧΟΥ,1,,2, ΠΑΡΟΧΗ ΒΟΗΘΕΙΑΣ,ΑΝΤΛΗΣΗ ΝΕΡΟΥ,0,ΔΙΠΛΟΚΑΤΟΙΚΙΕΣ                          ,Δ. ΔΙΔΥΜΟΤΕΙΧΟΥ,1,ΕΒΡΟΥ,2014-11-20T00:00:00,
,0,0,0,2014-11-23T00:50:00,Π.Υ. ΣΑΜΟΥ,1,,2, ΠΥΡΚΑΓΙΑ,ΜΙΚΡΗ,0,ΜΟΝΟΚΑΤΟΙΚΙΕΣ                           ,Δ. ΣΑΜΟΥ,1,ΣΑΜΟΥ,2014-11-23T00:00:00,ΠΑΛΙΟΚΑΣΤΡΟ
,0,0,0,,2ος  Π.Σ. ΘΕΣΣΑΛΟΝΙΚΗΣ,2,,6, ΠΥΡΚΑΓΙΑ,ΜΙΚΡΗ,0,ΠΕΖΟΔΡΟΜΙΑ                              ,Δ. ΕΥΟΣΜΟΥ-ΚΟΡΔΕΛΙΟΥ,1,ΘΕΣΣΑΛΟΝΙΚΗΣ,2014-11-29T00:00:00,ΕΥΟΣΜΟΣ
,0,0,0,,2ος  Π.Σ. ΠΕΙΡΑΙΑ,1,,3, ΠΥΡΚΑΓΙΑ,ΜΙΚΡΗ,0,ΠΡΑΝΟΙ ΟΔΩΝ                             ,Δ. ΠΕΙΡΑΙΩΣ,1,ΑΤΤΙΚΗΣ,2014-12-10T00:00:00,
ΑΠΕΛΕΥΘΕΡΩΣΗ,0,0,0,,1ος  Π.Σ. ΘΕΣΣΑΛΟΝΙΚΗΣ,1,,3, ΕΠΕΜΒΑΣΗ ΣΕ ΑΝΕΛΚΥΣΤΗΡΑ,ΑΠΕΛΕΥΘΕΡΩΣΗ ΑΠΟ ΑΝΕΛΚΥΣΤΗΡΑ,0,ΚΤΙΡΙΑ ΔΙΑΜΕΡΙΣΜΑΤΩΝ                    ,Δ. ΘΕΣΣΑΛΟΝΙΚΗΣ,1,ΘΕΣΣΑΛΟΝΙΚΗΣ,2014-12-11T00:00:00,
,0,0,0,, 1ος Π.Σ. ΑΘΗΝΩΝ,1,,4, ΕΠΕΜΒΑΣΗ ΣΕ ΑΝΕΛΚΥΣΤΗΡΑ,ΑΠΕΛΕΥΘΕΡΩΣΗ ΑΠΟ ΑΝΕΛΚΥΣΤΗΡΑ,0,ΚΤΙΡΙΑ ΔΙΑΜΕΡΙΣΜΑΤΩΝ                    ,Δ. ΑΘΗΝΑΙΩΝ,1,ΑΤΤΙΚΗΣ,2014-12-17T00:00:00,
,0,0,0,2014-12-18T00:50:00,1ος  Π.Σ. ΚΕΡΚΥΡΑΣ,1,,2, ΠΥΡΚΑΓΙΑ,ΜΙΚΡΗ,0,ΜΟΝΟΚΑΤΟΙΚΙΕΣ                           ,Δ. ΚΕΡΚΥΡΑΣ,1,ΚΕΡΚΥΡΑΣ,2014-12-18T00:00:00,
,0,0,0,,Π.Υ. ΕΛΕΥΘΕΡΟΥΠΟΛΗΣ,1,0,3,ΠΥΡΚΑΓΙΑ,ΜΙΚΡΗ,0,ΜΟΝΟΚΑΤΟΙΚΙΕΣ                           ,Δ. ΠΑΓΓΑΙΟΥ,1,ΚΑΒΑΛΑΣ,2015-01-01T00:00:00,ΝΕΑ ΗΡΑΚΛΙΤΣΑ
,0,0,0,,Π.Κ. ΜΗΛΙΩΤΑΔΩΝ,1,0,3,ΠΑΡΟΧΗ ΒΟΗΘΕΙΑΣ,ΑΦΑΙΡΕΣΗ ΑΝΤΙΚΕΙΜΕΝΩΝ - ΚΑΤΑΡΡΕΥΣΕΙΣ,0,ΟΔΟΣ                                    ,Δ. ΙΩΑΝΝΙΤΩΝ,1,ΙΩΑΝΝΙΝΩΝ,2015-01-01T00:00:00,
,0,0,0,, 9ος Π.Σ. ΑΘΗΝΩΝ,2,0,6,ΠΥΡΚΑΓΙΑ,ΜΙΚΡΗ,0,ΚΤΙΡΙΑ ΔΙΑΜΕΡΙΣΜΑΤΩΝ                    ,Δ. ΑΜΑΡΟΥΣΙΟΥ,1,ΑΤΤΙΚΗΣ,2015-01-07T00:00:00,
,0,0,0,,4ος Π.Σ. ΒΙΠΕ ΗΡΑΚΛΕΙΟΥ,1,0,3,ΠΑΡΟΧΗ ΒΟΗΘΕΙΑΣ,ΡΙΨΗ ΠΡΙΟΝΙΔΙΟΥ,0,ΟΔΟΣ                                    ,Δ. ΗΡΑΚΛΕΙΟΥ,1,ΗΡΑΚΛΕΙΟΥ,2015-01-09T00:00:00,
,0,0,0,,Π.Υ. ΜΑΡΚΟΠΟΥΛΟΥ,1,0,3,ΠΥΡΚΑΓΙΑ,ΜΕΣΑΙΑ,0,ΟΙΚΟΠΕΔΙΚΟΙ ΧΩΡΟΙ                       ,Δ. ΜΑΡΚΟΠΟΥΛΟΥ ΜΕΣΟΓΑΙΑΣ,1,ΑΤΤΙΚΗΣ,2015-01-10T00:00:00,
,0,0,0,,1ος  Π.Σ. ΠΕΙΡΑΙΑ,2,0,6,ΠΥΡΚΑΓΙΑ,ΨΕΥΔΗΣ ΑΝΑΓΓΕΛΙΑ,0,ΚΑΤΑΣΤΗΜΑΤΑ                             ,Δ. ΚΟΡΥΔΑΛΛΟΥ,1,ΑΤΤΙΚΗΣ,2015-01-14T00:00:00,
,0,0,0,,Π.Υ. ΚΟΜΟΤΗΝΗΣ,1,0,2,ΠΥΡΚΑΓΙΑ,ΜΙΚΡΗ,0,ΟΔΟΣ                                    ,Δ. ΚΟΜΟΤΗΝΗΣ,1,ΡΟΔΟΠΗΣ,2015-02-13T00:00:00,
,0,0,0,2015-02-24T01:30:00,Π.Υ. ΜΥΤΙΛΗΝΗΣ,1,0,2,ΠΑΡΟΧΗ ΒΟΗΘΕΙΑΣ,ΑΝΤΛΗΣΗ ΝΕΡΟΥ,0,ΜΟΝΟΚΑΤΟΙΚΙΕΣ                           ,Δ. ΛΕΣΒΟΥ,1,ΛΕΣΒΟΥ,2015-02-24T00:00:00,ΜΥΤΙΛΗΝΗ
ΑΠΕΛΕΥΘΕΡΩΣΗ,0,0,0,,3ος  Π.Σ. ΘΕΣΣΑΛΟΝΙΚΗΣ,1,0,2,ΕΠΕΜΒΑΣΗ ΣΕ ΑΝΕΛΚΥΣΤΗΡΑ,ΑΠΕΛΕΥΘΕΡΩΣΗ ΑΠΟ ΑΝΕΛΚΥΣΤΗΡΑ,0,ΚΤΙΡΙΑ ΔΙΑΜΕΡΙΣΜΑΤΩΝ                    ,Δ. ΘΕΣΣΑΛΟΝΙΚΗΣ,1,ΘΕΣΣΑΛΟΝΙΚΗΣ,2015-03-06T00:00:00,
ΑΠΕΛΕΥΘΕΡΩΣΗ,0,0,0,,Π.Υ. ΚΑΡΔΙΤΣΑΣ,1,0,3,ΕΠΕΜΒΑΣΗ ΣΕ ΑΝΕΛΚΥΣΤΗΡΑ,ΑΠΕΛΕΥΘΕΡΩΣΗ ΑΠΟ ΑΝΕΛΚΥΣΤΗΡΑ,0,ΚΤΙΡΙΑ ΔΙΑΜΕΡΙΣΜΑΤΩΝ                    ,Δ. ΚΑΡΔΙΤΣΑΣ,1,ΚΑΡΔΙΤΣΑΣ,2015-03-21T00:00:00,
,0,0,0,,Π.Υ. ΝΕΑΣ ΜΑΚΡΗΣ,3,0,8,ΠΥΡΚΑΓΙΑ,ΜΙΚΡΗ,0,ΚΤΙΡΙΑ ΑΝΩΤΑΤΗΣ ΕΩΣ & ΔΗΜΟΤΙΚΗΣ ΕΚΠ/ΣΗΣ ,Δ. ΜΑΡΑΘΩΝΟΣ,1,ΑΤΤΙΚΗΣ,2015-03-26T00:00:00,
,0,0,0,, 2ος Π.Σ. ΑΘΗΝΩΝ,0,0,0,ΠΥΡΚΑΓΙΑ,ΜΙΚΡΗ,0,ΟΔΟΣ                                    ,Δ. ΑΙΓΑΛΕΩ,1,ΑΤΤΙΚΗΣ,2015-04-08T00:00:00,
,0,0,0,,Π.Υ. ΦΛΩΡΙΝΑΣ,3,0,6,ΠΥΡΚΑΓΙΑ,ΜΙΚΡΗ,0,ΛΕΒΗΤΟΣΤΑΣΙΑ ΚΑΥΣΤΗΡΕΣ ΚΑΛΟΡΙΦΕΡ        ,Δ. ΦΛΩΡΙΝΑΣ,1,ΦΛΩΡΙΝΑΣ,2015-04-10T00:00:00,
,0,0,0,,1ος  Π.Σ. ΗΡΑΚΛΕΙΟΥ,1,0,3,ΠΑΡΟΧΗ ΒΟΗΘΕΙΑΣ,ΑΠΕΛΕΥΘΕΡΩΣΗ ΟΔΟΣΤΡΩΜΑΤΟΣ,0,ΟΔΟΣ                                    ,Δ. ΗΡΑΚΛΕΙΟΥ,1,ΗΡΑΚΛΕΙΟΥ,2015-04-10T00:00:00,
ΑΠΕΛΕΥΘΕΡΩΣΗ,0,0,0,,1ος  Π.Σ. ΙΩΑΝΝΙΝΩΝ,1,0,2,ΕΠΕΜΒΑΣΗ ΣΕ ΑΝΕΛΚΥΣΤΗΡΑ,ΑΠΕΛΕΥΘΕΡΩΣΗ ΑΠΟ ΑΝΕΛΚΥΣΤΗΡΑ,0,ΚΤΙΡΙΑ ΔΙΑΜΕΡΙΣΜΑΤΩΝ                    ,Δ. ΙΩΑΝΝΙΤΩΝ,1,ΙΩΑΝΝΙΝΩΝ,2015-05-31T00:00:00,
ΑΠΕΛΕΥΘΕΡΩΣΗ,0,0,0,,3ος  Π.Σ. ΘΕΣΣΑΛΟΝΙΚΗΣ,1,0,2,ΕΠΕΜΒΑΣΗ ΣΕ ΑΝΕΛΚΥΣΤΗΡΑ,ΑΠΕΛΕΥΘΕΡΩΣΗ ΑΠΟ ΑΝΕΛΚΥΣΤΗΡΑ,0,ΚΤΙΡΙΑ ΔΙΑΜΕΡΙΣΜΑΤΩΝ                    ,Δ. ΘΕΣΣΑΛΟΝΙΚΗΣ,1,ΘΕΣΣΑΛΟΝΙΚΗΣ,2015-06-09T00:00:00,
,0,0,0,,Π.Υ. ΣΕΡΡΩΝ,1,0,2,ΕΠΕΜΒΑΣΗ ΣΕ ΑΝΕΛΚΥΣΤΗΡΑ,ΑΠΕΛΕΥΘΕΡΩΣΗ ΑΠΟ ΑΝΕΛΚΥΣΤΗΡΑ,0,ΚΤΙΡΙΑ ΔΙΑΜΕΡΙΣΜΑΤΩΝ                    ,Δ. ΣΕΡΡΩΝ,1,ΣΕΡΡΩΝ,2015-06-17T00:00:00,
,0,0,0,2015-07-21T00:55:00,10ος Π.Σ. ΑΘΗΝΩΝ,0,0,0,ΠΥΡΚΑΓΙΑ,ΜΙΚΡΗ,0,ΟΙΚΟΠΕΔΙΚΟΙ ΧΩΡΟΙ                       ,Δ. ΦΥΛΗΣ,1,ΑΤΤΙΚΗΣ,2015-07-21T00:00:00,ΖΕΦΥΡΙ
,0,0,0,, 2ος Π.Σ. ΑΘΗΝΩΝ,0,0,0,ΠΥΡΚΑΓΙΑ,ΜΙΚΡΗ,0,ΠΡΑΝΟΙ ΟΔΩΝ                             ,Δ. ΑΘΗΝΑΙΩΝ,1,ΑΤΤΙΚΗΣ,2015-07-27T00:00:00,
ΑΠΕΛΕΥΘΕΡΩΣΗ,0,0,0,, 4ος Π.Σ. ΑΘΗΝΩΝ,1,0,2,ΕΠΕΜΒΑΣΗ ΣΕ ΑΝΕΛΚΥΣΤΗΡΑ,ΑΠΕΛΕΥΘΕΡΩΣΗ ΑΠΟ ΑΝΕΛΚΥΣΤΗΡΑ,0,ΚΤΙΡΙΑ ΔΙΑΜΕΡΙΣΜΑΤΩΝ                    ,Δ. ΑΘΗΝΑΙΩΝ,1,ΑΤΤΙΚΗΣ,2015-08-03T00:00:00,
,0,0,0,,Π.Κ. ΑΝΔΡΟΥ,3,0,4,ΠΥΡΚΑΓΙΑ,ΜΙΚΡΗ,0,ΟΙΚΟΠΕΔΙΚΟΙ ΧΩΡΟΙ                       ,Δ. ΑΝΔΡΟΥ,1,ΚΥΚΛΑΔΩΝ,2015-08-14T00:00:00,
ΑΠΕΛΕΥΘΕΡΩΣΗ,0,0,0,,3ος  Π.Σ. ΘΕΣΣΑΛΟΝΙΚΗΣ,1,0,2,ΕΠΕΜΒΑΣΗ ΣΕ ΑΝΕΛΚΥΣΤΗΡΑ,ΑΠΕΛΕΥΘΕΡΩΣΗ ΑΠΟ ΑΝΕΛΚΥΣΤΗΡΑ,0,ΚΤΙΡΙΑ ΔΙΑΜΕΡΙΣΜΑΤΩΝ                    ,Δ. ΘΕΣΣΑΛΟΝΙΚΗΣ,4,ΘΕΣΣΑΛΟΝΙΚΗΣ,2015-09-01T00:00:00,
,0,0,0,,Π.Υ. ΑΡΓΟΣΤΟΛΙΟΥ,1,0,3,ΠΑΡΟΧΗ ΒΟΗΘΕΙΑΣ,ΑΝΤΛΗΣΗ ΝΕΡΟΥ,0,ΚΤΙΡΙΑ ΔΙΑΜΕΡΙΣΜΑΤΩΝ                    ,Δ. ΚΕΦΑΛΛΟΝΙΑΣ,1,ΚΕΦΑΛΛΟΝΙΑΣ,2015-09-26T00:00:00,ΑΡΓΟΣΤΟΛΙ
,0,0,0,2015-10-27T00:32:00,Π.Υ. ΡΟΔΟΥ,1,0,2,ΠΑΡΟΧΗ ΒΟΗΘΕΙΑΣ,ΑΝΟΙΓΜΑ ΘΥΡΩΝ,0,,Δ. ΡΟΔΟΥ,1,ΔΩΔΕΚΑΝΗΣΩΝ,2015-10-27T00:00:00,
,0,0,0,,3ος  Π.Σ. ΘΕΣΣΑΛΟΝΙΚΗΣ,2,0,6,ΠΥΡΚΑΓΙΑ,ΜΙΚΡΗ,0,ΠΕΖΟΔΡΟΜΙΑ                              ,Δ. ΘΕΣΣΑΛΟΝΙΚΗΣ,1,ΘΕΣΣΑΛΟΝΙΚΗΣ,2015-11-22T00:00:00,
,0,0,0,, 1ος Π.Σ. ΑΘΗΝΩΝ,1,0,3,ΠΥΡΚΑΓΙΑ,ΜΙΚΡΗ,0,ΟΔΟΣ                                    ,Δ. ΑΘΗΝΑΙΩΝ,1,ΑΤΤΙΚΗΣ,2015-12-06T00:00:00,
,0,0,0,,Π.Υ. ΒΕΡΟΙΑΣ,1,0,4,ΠΥΡΚΑΓΙΑ,ΨΕΥΔΗΣ ΑΝΑΓΓΕΛΙΑ,0,,Δ. ΒΕΡΟΙΑΣ,1,ΗΜΑΘΙΑΣ,2015-12-21T00:00:00,
,0,0,0,2015-12-25T00:30:00,Π.Υ. ΛΑΜΙΑΣ,1,0,3,ΠΥΡΚΑΓΙΑ,ΜΙΚΡΗ,0,ΟΔΟΣ                                    ,Δ. ΛΑΜΙΕΩΝ,1,ΦΘΙΩΤΙΔΑΣ,2015-12-25T00:00:00,ΛΑΜΙΑ
,0,0,0,,Π.Υ. ΚΟΡΙΝΘΟΥ,1,0,2,ΔΕΛΤΙΟ ΠΑΡΟΧΗΣ ΒΟΗΘΕΙΑΣ,ΠΛΥΣΙΜΟ ΟΔΟΥ,0,ΟΔΟΣ                                    ,Δ. ΚΟΡΙΝΘΙΩΝ,1,ΚΟΡΙΝΘΙΑΣ,2016-01-10T00:00:00,
,0,0,0,,3ος  Π.Σ. ΠΕΙΡΑΙΑ,1,0,3,ΔΕΛΤΙΟ ΠΥΡΚΑΓΙΑΣ,ΜΙΚΡΗ,0,ΔΙΠΛΟΚΑΤΟΙΚΙΕΣ                          ,Δ. ΝΙΚΑΙΑΣ - ΑΓΙΟΥ ΙΩΑΝΝΗ ΡΕΝΤΗ,1,ΑΤΤΙΚΗΣ,2016-02-01T00:00:00,
,0,0,0,,2ος  Π.Σ. ΘΕΣΣΑΛΟΝΙΚΗΣ,1,0,3,ΔΕΛΤΙΟ ΠΥΡΚΑΓΙΑΣ,ΜΙΚΡΗ,0,ΚΤΙΡΙΑ ΔΙΑΜΕΡΙΣΜΑΤΩΝ                    ,Δ. ΑΜΠΕΛΟΚΗΠΩΝ-ΜΕΝΕΜΕΝΗΣ,1,ΘΕΣΣΑΛΟΝΙΚΗΣ,2016-02-04T00:00:00,ΑΜΠΕΛΟΚΗΠΟΙ
,0,0,0,2016-02-22T00:25:00,10ος Π.Σ. ΑΘΗΝΩΝ,1,0,5,ΔΕΛΤΙΟ ΠΥΡΚΑΓΙΑΣ,ΜΙΚΡΗ,0,ΟΙΚΟΠΕΔΙΚΟΙ ΧΩΡΟΙ                       ,Δ. ΠΕΡΙΣΤΕΡΙΟΥ,1,ΑΤΤΙΚΗΣ,2016-02-22T00:00:00,ΠΕΡΙΣΤΕΡΙ
,0,0,0,,2ος  Π.Σ. ΙΩΑΝΝΙΝΩΝ,2,0,5,ΔΕΛΤΙΟ ΠΑΡΟΧΗΣ ΒΟΗΘΕΙΑΣ,ΑΛΛΕΣ ΠΕΡΙΠΤΩΣΕΙΣ,0,,Δ. ΙΩΑΝΝΙΤΩΝ,1,ΙΩΑΝΝΙΝΩΝ,2016-02-22T00:00:00,
,0,0,0,,1ος  Π.Σ. ΠΕΙΡΑΙΑ,1,0,3,ΔΕΛΤΙΟ ΠΥΡΚΑΓΙΑΣ,ΜΙΚΡΗ,0,ΟΔΟΣ                                    ,Δ. ΝΙΚΑΙΑΣ - ΑΓΙΟΥ ΙΩΑΝΝΗ ΡΕΝΤΗ,1,ΑΤΤΙΚΗΣ,2016-02-28T00:00:00,
,0,0,0,,2ος  Π.Σ. ΠΕΙΡΑΙΑ,1,0,3,ΔΕΛΤΙΟ ΠΥΡΚΑΓΙΑΣ,ΜΙΚΡΗ,0,ΠΡΑΝΟΙ ΟΔΩΝ                             ,Δ. ΠΕΙΡΑΙΩΣ,1,ΑΤΤΙΚΗΣ,2016-03-18T00:00:00,
,0,0,0,, 2ος Π.Σ. ΑΘΗΝΩΝ,1,0,4,ΔΕΛΤΙΟ ΕΠΕΜΒΑΣΗΣ ΣΕ ΑΝΕΛΚΥΣΤΗΡΑ,ΑΠΕΛΕΥΘΕΡΩΣΗ ΑΠΟ ΑΝΕΛΚΥΣΤΗΡΑ,0,ΚΤΙΡΙΑ ΔΙΑΜΕΡΙΣΜΑΤΩΝ                    ,Δ. ΑΘΗΝΑΙΩΝ,1,ΑΤΤΙΚΗΣ,2016-03-26T00:00:00,
,0,0,0,,2ος  Π.Σ. ΠΕΙΡΑΙΑ,2,0,6,ΔΕΛΤΙΟ ΠΥΡΚΑΓΙΑΣ,ΜΙΚΡΗ,0,ΕΡΓΟΣΤΑΣΙΑ                              ,Δ. ΠΕΙΡΑΙΩΣ,1,ΑΤΤΙΚΗΣ,2016-03-28T00:00:00,
,0,0,0,,Π.Υ. ΚΡΩΠΙΑΣ,1,0,2,ΔΕΛΤΙΟ ΠΥΡΚΑΓΙΑΣ,ΜΙΚΡΗ,0,ΠΡΑΝΟΙ ΟΔΩΝ                             ,Δ. ΚΡΩΠΙΑΣ,1,ΑΤΤΙΚΗΣ,2016-04-25T00:00:00,
,0,0,0,,1ος  Π.Σ. ΙΩΑΝΝΙΝΩΝ,2,0,4,ΔΕΛΤΙΟ ΠΥΡΚΑΓΙΑΣ,ΜΙΚΡΗ,0,ΔΙΠΛΟΚΑΤΟΙΚΙΕΣ                          ,Δ. ΙΩΑΝΝΙΤΩΝ,1,ΙΩΑΝΝΙΝΩΝ,2016-05-02T00:00:00,
,0,0,0,,1ος  Π.Σ. ΛΑΡΙΣΑΣ,2,0,6,ΔΕΛΤΙΟ ΠΥΡΚΑΓΙΑΣ,ΜΙΚΡΗ,0,ΑΥΤΟΚΙΝΗΤΑ                              ,Δ. ΛΑΡΙΣΑΙΩΝ,1,ΛΑΡΙΣΑΣ,2016-05-09T00:00:00,
ΑΠΕΛΕΥΘΕΡΩΣΗ,0,0,0,,1ος  Π.Σ. ΠΑΤΡΩΝ,1,0,3,ΔΕΛΤΙΟ ΕΠΕΜΒΑΣΗΣ ΣΕ ΑΝΕΛΚΥΣΤΗΡΑ,ΑΠΕΛΕΥΘΕΡΩΣΗ ΑΠΟ ΑΝΕΛΚΥΣΤΗΡΑ,0,ΚΤΙΡΙΑ ΔΙΑΜΕΡΙΣΜΑΤΩΝ                    ,Δ. ΠΑΤΡΕΩΝ,5,ΑΧΑΙΑΣ,2016-06-12T00:00:00,
,0,0,0,, 2ος Π.Σ. ΑΘΗΝΩΝ,2,0,7,ΔΕΛΤΙΟ ΠΥΡΚΑΓΙΑΣ,ΜΙΚΡΗ,0,ΜΟΝΟΚΑΤΟΙΚΙΕΣ                           ,Δ. ΑΘΗΝΑΙΩΝ,1,ΑΤΤΙΚΗΣ,2016-06-15T00:00:00,
,0,0,0,, 2ος Π.Σ. ΑΘΗΝΩΝ,2,0,7,ΔΕΛΤΙΟ ΠΥΡΚΑΓΙΑΣ,ΨΕΥΔΗΣ ΑΝΑΓΓΕΛΙΑ,0,ΚΑΤΑΣΤΗΜΑΤΑ                             ,Δ. ΑΘΗΝΑΙΩΝ,1,ΑΤΤΙΚΗΣ,2016-06-16T00:00:00,
,0,0,0,,Π.Υ. ΛΑΥΡΙΟΥ,1,0,2,ΔΕΛΤΙΟ ΠΥΡΚΑΓΙΑΣ,ΨΕΥΔΗΣ ΑΝΑΓΓΕΛΙΑ,0,ΘΑΛΑΣΣΙΟΣ ΧΩΡΟΣ                         ,Δ. ΣΑΡΩΝΙΚΟΥ,1,ΑΤΤΙΚΗΣ,2016-06-17T00:00:00,ΑΝΑΒΥΣΣΟΣ
,0,0,0,,Π.Υ. ΠΥΡΓΟΥ,1,0,2,ΔΕΛΤΙΟ ΠΥΡΚΑΓΙΑΣ,ΜΙΚΡΗ,0,ΠΡΑΝΟΙ ΟΔΩΝ                             ,Δ. ΠΥΡΓΟΥ,1,ΗΛΕΙΑΣ,2016-06-19T00:00:00,
,0,0,0,,Π.Υ. ΠΥΡΓΟΥ,4,0,7,ΔΕΛΤΙΟ ΠΥΡΚΑΓΙΑΣ,ΜΙΚΡΗ,0,ΚΑΛΑΜΙΑ-ΒΑΛΤΟΙ                          ,Δ. ΠΥΡΓΟΥ,1,ΗΛΕΙΑΣ,2016-06-21T00:00:00,
,0,0,0,,2ος  Π.Σ. ΘΕΣΣΑΛΟΝΙΚΗΣ,1,0,3,ΔΕΛΤΙΟ ΠΥΡΚΑΓΙΑΣ,ΜΙΚΡΗ,0,ΜΟΤΟΠΟΔΗΛΑΤΑ                            ,Δ. ΕΥΟΣΜΟΥ-ΚΟΡΔΕΛΙΟΥ,1,ΘΕΣΣΑΛΟΝΙΚΗΣ,2016-07-13T00:00:00,ΕΥΟΣΜΟΣ
ΔΙΑΣΩΣΗ,0,0,0,,1ος  Π.Σ. ΘΕΣΣΑΛΟΝΙΚΗΣ,1,0,2,ΔΕΛΤΙΟ ΠΑΡΟΧΗΣ ΒΟΗΘΕΙΑΣ,ΑΝΟΙΓΜΑ ΘΥΡΩΝ,0,ΚΤΙΡΙΑ ΔΙΑΜΕΡΙΣΜΑΤΩΝ                    ,Δ. ΘΕΣΣΑΛΟΝΙΚΗΣ,1,ΘΕΣΣΑΛΟΝΙΚΗΣ,2016-07-14T00:00:00,
,0,0,0,, 2ος Π.Σ. ΑΘΗΝΩΝ,1,0,3,ΔΕΛΤΙΟ ΕΠΕΜΒΑΣΗΣ ΣΕ ΑΝΕΛΚΥΣΤΗΡΑ,ΑΠΕΛΕΥΘΕΡΩΣΗ ΑΠΟ ΑΝΕΛΚΥΣΤΗΡΑ,0,ΚΤΙΡΙΑ ΔΙΑΜΕΡΙΣΜΑΤΩΝ                    ,Δ. ΑΘΗΝΑΙΩΝ,1,ΑΤΤΙΚΗΣ,2016-07-17T00:00:00,
,0,0,0,, 2ος Π.Σ. ΑΘΗΝΩΝ,1,0,3,ΔΕΛΤΙΟ ΠΥΡΚΑΓΙΑΣ,ΜΙΚΡΗ,0,ΠΕΖΟΔΡΟΜΙΑ                              ,Δ. ΑΘΗΝΑΙΩΝ,1,ΑΤΤΙΚΗΣ,2016-07-17T00:00:00,
,0,0,0,,6ος  Π.Σ. ΘΕΣΣΑΛΟΝΙΚΗΣ,1,0,2,ΔΕΛΤΙΟ ΠΑΡΟΧΗΣ ΒΟΗΘΕΙΑΣ,ΑΠΕΛΕΥΘΕΡΩΣΗ ΟΔΟΣΤΡΩΜΑΤΟΣ,0,ΟΔΟΣ                                    ,Δ. ΔΕΛΤΑ,1,ΘΕΣΣΑΛΟΝΙΚΗΣ,2016-07-18T00:00:00,
ΑΠΕΛΕΥΘΕΡΩΣΗ,0,0,0,,1ος  Π.Σ. ΛΑΡΙΣΑΣ,1,0,2,ΔΕΛΤΙΟ ΕΠΕΜΒΑΣΗΣ ΣΕ ΑΝΕΛΚΥΣΤΗΡΑ,ΑΠΕΛΕΥΘΕΡΩΣΗ ΑΠΟ ΑΝΕΛΚΥΣΤΗΡΑ,0,ΚΤΙΡΙΑ ΔΙΑΜΕΡΙΣΜΑΤΩΝ                    ,Δ. ΛΑΡΙΣΑΙΩΝ,1,ΛΑΡΙΣΑΣ,2016-07-24T00:00:00,
,0,0,0,2016-07-24T00:15:00,Π.Υ. ΛΑΜΙΑΣ,1,0,3,ΔΕΛΤΙΟ ΕΠΕΜΒΑΣΗΣ ΣΕ ΑΝΕΛΚΥΣΤΗΡΑ,ΑΠΕΛΕΥΘΕΡΩΣΗ ΑΠΟ ΑΝΕΛΚΥΣΤΗΡΑ,0,ΚΤΙΡΙΑ ΔΙΑΜΕΡΙΣΜΑΤΩΝ                    ,Δ. ΛΑΜΙΕΩΝ,1,ΦΘΙΩΤΙΔΑΣ,2016-07-24T00:00:00,ΛΑΜΙΑ
,0,0,0,,Π.Υ. ΛΑΥΡΙΟΥ,2,0,4,ΔΕΛΤΙΟ ΠΥΡΚΑΓΙΑΣ,ΜΙΚΡΗ,0,ΟΙΚΟΠΕΔΙΚΟΙ ΧΩΡΟΙ                       ,Δ. ΛΑΥΡΕΩΤΙΚΗΣ,1,ΑΤΤΙΚΗΣ,2016-07-28T00:00:00,ΛΑΥΡΙΟ
,0,0,0,, 7ος Π.Σ. ΑΘΗΝΩΝ,2,0,7,ΔΕΛΤΙΟ ΠΥΡΚΑΓΙΑΣ,ΜΙΚΡΗ,0,ΚΤΙΡΙΑ ΔΙΑΜΕΡΙΣΜΑΤΩΝ                    ,Δ. ΗΛΙΟΥΠΟΛΕΩΣ,1,ΑΤΤΙΚΗΣ,2016-07-31T00:00:00,
ΑΠΕΛΕΥΘΕΡΩΣΗ,0,0,0,,Π.Υ. ΤΡΙΚΑΛΩΝ,1,0,3,ΔΕΛΤΙΟ ΕΠΕΜΒΑΣΗΣ ΣΕ ΑΝΕΛΚΥΣΤΗΡΑ,ΑΠΕΛΕΥΘΕΡΩΣΗ ΑΠΟ ΑΝΕΛΚΥΣΤΗΡΑ,0,ΚΤΙΡΙΑ ΔΙΑΜΕΡΙΣΜΑΤΩΝ                    ,Δ. ΤΡΙΚΚΑΙΩΝ,1,ΤΡΙΚΑΛΩΝ,2016-08-04T00:00:00,
,0,0,0,,Π.Υ. ΗΓΟΥΜΕΝΙΤΣΑΣ,1,0,2,ΔΕΛΤΙΟ ΠΑΡΟΧΗΣ ΒΟΗΘΕΙΑΣ,,0,ΟΙΚΟΔΟΜΕΣ                               ,Δ. ΗΓΟΥΜΕΝΙΤΣΑΣ,1,ΘΕΣΠΡΩΤΙΑΣ,2016-08-08T00:00:00,
ΑΠΕΛΕΥΘΕΡΩΣΗ,0,0,0,,2ος  Π.Σ. ΘΕΣΣΑΛΟΝΙΚΗΣ,1,0,2,ΔΕΛΤΙΟ ΕΠΕΜΒΑΣΗΣ ΣΕ ΑΝΕΛΚΥΣΤΗΡΑ,ΑΠΕΛΕΥΘΕΡΩΣΗ ΑΠΟ ΑΝΕΛΚΥΣΤΗΡΑ,0,ΚΤΙΡΙΑ ΔΙΑΜΕΡΙΣΜΑΤΩΝ                    ,Δ. ΕΥΟΣΜΟΥ-ΚΟΡΔΕΛΙΟΥ,2,ΘΕΣΣΑΛΟΝΙΚΗΣ,2016-08-13T00:00:00,ΚΟΡΔΕΛΙΟ
,0,0,0,, 5ος Π.Σ. ΑΘΗΝΩΝ,2,0,6,ΔΕΛΤΙΟ ΠΥΡΚΑΓΙΑΣ,ΨΕΥΔΗΣ ΑΝΑΓΓΕΛΙΑ,0,,Δ. ΝΕΑΣ ΣΜΥΡΝΗΣ,1,ΑΤΤΙΚΗΣ,2016-08-15T00:00:00,
,0,0,0,,Π.Κ. ΣΑΜΗΣ,1,0,2,ΔΕΛΤΙΟ ΠΥΡΚΑΓΙΑΣ,ΜΙΚΡΗ,0,ΚΑΤΑΣΤΗΜΑΤΑ                             ,Δ. ΚΕΦΑΛΛΟΝΙΑΣ,1,ΚΕΦΑΛΛΟΝΙΑΣ,2016-08-21T00:00:00,
,0,0,0,,1ος  Π.Σ. ΙΩΑΝΝΙΝΩΝ,1,0,2,ΔΕΛΤΙΟ ΠΑΡΟΧΗΣ ΒΟΗΘΕΙΑΣ,ΑΦΑΙΡΕΣΗ ΑΝΤΙΚΕΙΜΕΝΩΝ - ΚΑΤΑΡΡΕΥΣΕΙΣ,0,ΟΙΚΟΔΟΜΕΣ                               ,Δ. ΙΩΑΝΝΙΤΩΝ,1,ΙΩΑΝΝΙΝΩΝ,2016-08-25T00:00:00,
,0,0,0,, 4ος Π.Σ. ΑΘΗΝΩΝ,2,0,6,ΔΕΛΤΙΟ ΠΥΡΚΑΓΙΑΣ,ΜΙΚΡΗ,0,ΚΤΙΡΙΑ ΔΙΑΜΕΡΙΣΜΑΤΩΝ                    ,Δ. ΖΩΓΡΑΦΟΥ,1,ΑΤΤΙΚΗΣ,2016-08-30T00:00:00,
,0,0,0,,Π.Υ. ΑΡΓΟΣΤΟΛΙΟΥ,1,0,2,ΔΕΛΤΙΟ ΠΑΡΟΧΗΣ ΒΟΗΘΕΙΑΣ,ΑΝΤΛΗΣΗ ΝΕΡΟΥ,0,ΜΟΝΟΚΑΤΟΙΚΙΕΣ                           ,Δ. ΚΕΦΑΛΛΟΝΙΑΣ,1,ΚΕΦΑΛΛΟΝΙΑΣ,2016-09-07T00:00:00,ΚΑΡΑΒΑΔΟΣ
,0,0,0,2016-09-15T01:00:00,Π.Υ. ΡΟΔΟΥ,1,0,2,ΔΕΛΤΙΟ ΠΥΡΚΑΓΙΑΣ,ΜΙΚΡΗ,0,ΟΙΚΟΠΕΔΙΚΟΙ ΧΩΡΟΙ                       ,Δ. ΡΟΔΟΥ,1,ΔΩΔΕΚΑΝΗΣΩΝ,2016-09-15T00:00:00,
,0,0,0,,Π.Κ. ΣΙΔΗΡΟΚΑΣΤΡΟΥ,1,0,2,ΔΕΛΤΙΟ ΠΑΡΟΧΗΣ ΒΟΗΘΕΙΑΣ,ΔΙΑΣΩΣΕΙΣ ΖΩΩΝ,0,ΜΟΝΟΚΑΤΟΙΚΙΕΣ                           ,Δ. ΗΡΑΚΛΕΙΑΣ,1,ΣΕΡΡΩΝ,2016-09-16T00:00:00,ΗΡΑΚΛΕΙΑ
,0,0,0,,Π.Υ. ΣΕΡΡΩΝ,1,0,2,ΔΕΛΤΙΟ ΕΠΕΜΒΑΣΗΣ ΣΕ ΑΝΕΛΚΥΣΤΗΡΑ,ΑΠΕΛΕΥΘΕΡΩΣΗ ΑΠΟ ΑΝΕΛΚΥΣΤΗΡΑ,0,ΚΤΙΡΙΑ ΔΙΑΜΕΡΙΣΜΑΤΩΝ                    ,Δ. ΣΕΡΡΩΝ,1,ΣΕΡΡΩΝ,2016-09-23T00:00:00,ΣΕΡΡΕΣ
,0,0,0,,Π.Υ. ΣΕΡΡΩΝ,1,0,2,ΔΕΛΤΙΟ ΕΠΕΜΒΑΣΗΣ ΣΕ ΑΝΕΛΚΥΣΤΗΡΑ,ΑΠΕΛΕΥΘΕΡΩΣΗ ΑΠΟ ΑΝΕΛΚΥΣΤΗΡΑ,0,ΚΤΙΡΙΑ ΔΙΑΜΕΡΙΣΜΑΤΩΝ                    ,Δ. ΣΕΡΡΩΝ,1,ΣΕΡΡΩΝ,2016-10-15T00:00:00,ΣΕΡΡΕΣ
,0,0,0,,Π.Υ. ΔΙΔΥΜΟΤΕΙΧΟΥ,4,0,8,ΔΕΛΤΙΟ ΠΥΡΚΑΓΙΑΣ,ΜΕΓΑΛΗ,0,ΜΟΝΟΚΑΤΟΙΚΙΕΣ                           ,Δ. ΔΙΔΥΜΟΤΕΙΧΟΥ,1,ΕΒΡΟΥ,2016-11-05T00:00:00,ΚΥΑΝΗ
,0,0,0,2016-11-24T00:30:00,10ος Π.Σ. ΑΘΗΝΩΝ,1,0,4,ΔΕΛΤΙΟ ΠΥΡΚΑΓΙΑΣ,ΜΙΚΡΗ,0,ΟΔΟΣ                                    ,Δ. ΙΛΙΟΥ,1,ΑΤΤΙΚΗΣ,2016-11-24T00:00:00,ΙΛΙΟΝ
,0,0,0,,Π.Υ. ΔΡΑΜΑΣ,2,0,5,ΔΕΛΤΙΟ ΠΥΡΚΑΓΙΑΣ,ΜΙΚΡΗ,0,ΚΤΙΡΙΑ ΔΙΑΜΕΡΙΣΜΑΤΩΝ                    ,Δ. ΔΡΑΜΑΣ,1,ΔΡΑΜΑΣ,2016-11-26T00:00:00,
ΑΠΕΛΕΥΘΕΡΩΣΗ,0,0,0,,Π.Υ. ΧΑΛΚΙΔΑΣ,1,0,3,ΔΕΛΤΙΟ ΕΠΕΜΒΑΣΗΣ ΣΕ ΑΝΕΛΚΥΣΤΗΡΑ,ΑΠΕΛΕΥΘΕΡΩΣΗ ΑΠΟ ΑΝΕΛΚΥΣΤΗΡΑ,0,ΚΤΙΡΙΑ ΔΙΑΜΕΡΙΣΜΑΤΩΝ                    ,Δ. ΔΙΡΦΥΩΝ - ΜΕΣΣΑΠΙΩΝ,1,ΕΥΒΟΙΑΣ,2016-12-21T00:00:00,ΨΑΧΝΑ
,0,0,0,,4ος  Π.Σ. ΠΕΙΡΑΙΑ,2,0,5,ΔΕΛΤΙΟ ΠΥΡΚΑΓΙΑΣ,ΜΙΚΡΗ,0,ΟΙΚΟΠΕΔΙΚΟΙ ΧΩΡΟΙ                       ,Δ. ΠΕΡΑΜΑΤΟΣ,1,ΑΤΤΙΚΗΣ,2017-01-01T00:00:00,
,0,0,0,,Π.Υ. ΚΟΜΟΤΗΝΗΣ,1,0,2,ΔΕΛΤΙΟ ΠΥΡΚΑΓΙΑΣ,ΜΙΚΡΗ,0,ΠΕΖΟΔΡΟΜΙΑ                              ,Δ. ΚΟΜΟΤΗΝΗΣ,1,ΡΟΔΟΠΗΣ,2017-01-01T00:00:00,
,0,0,0,,Π.Υ. ΙΤΕΑΣ,1,0,2,ΔΕΛΤΙΟ ΠΥΡΚΑΓΙΑΣ,ΨΕΥΔΗΣ ΑΝΑΓΓΕΛΙΑ,0,,Δ. ΔΕΛΦΩΝ,1,ΦΩΚΙΔΟΣ,2017-01-01T00:00:00,ΙΤΕΑ
,0,0,0,,1ος  Π.Σ. ΘΕΣΣΑΛΟΝΙΚΗΣ,1,0,2,ΔΕΛΤΙΟ ΠΑΡΟΧΗΣ ΒΟΗΘΕΙΑΣ,ΑΝΤΛΗΣΗ ΝΕΡΟΥ,0,ΚΤΙΡΙΑ ΔΙΑΜΕΡΙΣΜΑΤΩΝ                    ,Δ. ΘΕΣΣΑΛΟΝΙΚΗΣ,1,ΘΕΣΣΑΛΟΝΙΚΗΣ,2017-01-15T00:00:00,
,0,0,0,,1ος  Π.Σ. ΛΑΡΙΣΑΣ,1,0,3,ΔΕΛΤΙΟ ΠΥΡΚΑΓΙΑΣ,ΜΙΚΡΗ,0,ΟΔΟΣ                                    ,Δ. ΛΑΡΙΣΑΙΩΝ,1,ΛΑΡΙΣΑΣ,2017-01-31T00:00:00,
,0,0,0,,Π.Υ. ΕΔΕΣΣΑΣ,1,0,2,ΔΕΛΤΙΟ ΠΥΡΚΑΓΙΑΣ,ΨΕΥΔΗΣ ΑΝΑΓΓΕΛΙΑ,0,,Δ. ΕΔΕΣΣΑΣ,1,ΠΕΛΛΑΣ,2017-02-09T00:00:00,
ΑΠΕΛΕΥΘΕΡΩΣΗ,0,0,0,,Π.Υ. ΚΟΖΑΝΗΣ,1,0,3,ΔΕΛΤΙΟ ΕΠΕΜΒΑΣΗΣ ΣΕ ΑΝΕΛΚΥΣΤΗΡΑ,ΑΠΕΛΕΥΘΕΡΩΣΗ ΑΠΟ ΑΝΕΛΚΥΣΤΗΡΑ,0,ΚΤΙΡΙΑ ΔΙΑΜΕΡΙΣΜΑΤΩΝ                    ,Δ. ΚΟΖΑΝΗΣ,1,ΚΟΖΑΝΗΣ,2017-02-20T00:00:00,
,0,0,0,,Π.Κ. ΛΑΓΚΑΔΑ,1,0,2,ΔΕΛΤΙΟ ΠΥΡΚΑΓΙΑΣ,ΜΙΚΡΗ,0,ΑΥΤΟΚΙΝΗΤΑ                              ,Δ. ΛΑΓΚΑΔΑ,1,ΘΕΣΣΑΛΟΝΙΚΗΣ,2017-02-25T00:00:00,ΛΑΓΚΑΔΑΣ
,0,0,0,2017-03-05T00:27:00,10ος Π.Σ. ΑΘΗΝΩΝ,1,0,3,ΔΕΛΤΙΟ ΠΥΡΚΑΓΙΑΣ,ΜΙΚΡΗ,0,ΟΔΟΣ                                    ,Δ. ΦΥΛΗΣ,1,ΑΤΤΙΚΗΣ,2017-03-05T00:00:00,ΖΕΦΥΡΙ
ΑΠΕΛΕΥΘΕΡΩΣΗ,0,0,0,,3ος  Π.Σ. ΘΕΣΣΑΛΟΝΙΚΗΣ,1,0,2,ΔΕΛΤΙΟ ΕΠΕΜΒΑΣΗΣ ΣΕ ΑΝΕΛΚΥΣΤΗΡΑ,ΑΠΕΛΕΥΘΕΡΩΣΗ ΑΠΟ ΑΝΕΛΚΥΣΤΗΡΑ,0,ΚΤΙΡΙΑ ΔΙΑΜΕΡΙΣΜΑΤΩΝ                    ,Δ. ΘΕΣΣΑΛΟΝΙΚΗΣ,1,ΘΕΣΣΑΛΟΝΙΚΗΣ,2017-03-12T00:00:00,
ΑΠΕΛΕΥΘΕΡΩΣΗ,0,0,0,,1ος  Π.Σ. ΛΑΡΙΣΑΣ,1,0,3,ΔΕΛΤΙΟ ΕΠΕΜΒΑΣΗΣ ΣΕ ΑΝΕΛΚΥΣΤΗΡΑ,ΑΠΕΛΕΥΘΕΡΩΣΗ ΑΠΟ ΑΝΕΛΚΥΣΤΗΡΑ,0,ΚΤΙΡΙΑ ΔΙΑΜΕΡΙΣΜΑΤΩΝ                    ,Δ. ΛΑΡΙΣΑΙΩΝ,1,ΛΑΡΙΣΑΣ,2017-03-31T00:00:00,
,0,0,0,,3ος  Π.Σ. ΘΕΣΣΑΛΟΝΙΚΗΣ,2,0,8,ΔΕΛΤΙΟ ΠΥΡΚΑΓΙΑΣ,ΜΙΚΡΗ,0,ΠΕΖΟΔΡΟΜΙΑ                              ,Δ. ΘΕΣΣΑΛΟΝΙΚΗΣ,1,ΘΕΣΣΑΛΟΝΙΚΗΣ,2017-04-13T00:00:00,
ΑΠΕΛΕΥΘΕΡΩΣΗ,0,0,0,, 4ος Π.Σ. ΑΘΗΝΩΝ,1,0,3,ΔΕΛΤΙΟ ΕΠΕΜΒΑΣΗΣ ΣΕ ΑΝΕΛΚΥΣΤΗΡΑ,ΑΠΕΛΕΥΘΕΡΩΣΗ ΑΠΟ ΑΝΕΛΚΥΣΤΗΡΑ,0,ΚΤΙΡΙΑ ΔΙΑΜΕΡΙΣΜΑΤΩΝ                    ,Δ. ΖΩΓΡΑΦΟΥ,1,ΑΤΤΙΚΗΣ,2017-04-22T00:00:00,
,0,0,0,,1ος  Π.Σ. ΚΕΡΚΥΡΑΣ,1,0,3,ΔΕΛΤΙΟ ΠΥΡΚΑΓΙΑΣ,ΨΕΥΔΗΣ ΑΝΑΓΓΕΛΙΑ,0,ΑΓΡΟΤΙΚΕΣ ΠΕΡΙΟΧΕΣ                      ,Δ. ΚΕΡΚΥΡΑΣ,1,ΚΕΡΚΥΡΑΣ,2017-04-24T00:00:00,
ΑΠΕΛΕΥΘΕΡΩΣΗ,0,0,0,2017-05-06T00:25:00,Π.Υ. ΡΟΔΟΥ,1,0,4,ΔΕΛΤΙΟ ΕΠΕΜΒΑΣΗΣ ΣΕ ΑΝΕΛΚΥΣΤΗΡΑ,ΑΠΕΛΕΥΘΕΡΩΣΗ ΑΠΟ ΑΝΕΛΚΥΣΤΗΡΑ,0,ΚΤΙΡΙΑ ΔΙΑΜΕΡΙΣΜΑΤΩΝ                    ,Δ. ΡΟΔΟΥ,1,ΔΩΔΕΚΑΝΗΣΩΝ,2017-05-06T00:00:00,
,0,0,0,,1ος  Π.Σ. ΠΑΤΡΩΝ,1,0,2,ΔΕΛΤΙΟ ΠΑΡΟΧΗΣ ΒΟΗΘΕΙΑΣ,ΤΡΟΧΑΙΑ ΑΤΥΧΗΜΑΤΑ,0,ΑΥΤΟΚΙΝΗΤΑ                              ,Δ. ΠΑΤΡΕΩΝ,1,ΑΧΑΙΑΣ,2017-05-27T00:00:00,
ΑΠΕΛΕΥΘΕΡΩΣΗ,0,0,0,,2ος  Π.Σ. ΘΕΣΣΑΛΟΝΙΚΗΣ,1,0,2,ΔΕΛΤΙΟ ΕΠΕΜΒΑΣΗΣ ΣΕ ΑΝΕΛΚΥΣΤΗΡΑ,ΑΠΕΛΕΥΘΕΡΩΣΗ ΑΠΟ ΑΝΕΛΚΥΣΤΗΡΑ,0,ΚΤΙΡΙΑ ΔΙΑΜΕΡΙΣΜΑΤΩΝ                    ,Δ. ΕΥΟΣΜΟΥ-ΚΟΡΔΕΛΙΟΥ,1,ΘΕΣΣΑΛΟΝΙΚΗΣ,2017-05-30T00:00:00,ΕΥΟΣΜΟΣ
,0,0,0,, 1ος Π.Σ. ΑΘΗΝΩΝ,1,0,4,ΔΕΛΤΙΟ ΕΠΕΜΒΑΣΗΣ ΣΕ ΑΝΕΛΚΥΣΤΗΡΑ,ΑΠΕΛΕΥΘΕΡΩΣΗ ΑΠΟ ΑΝΕΛΚΥΣΤΗΡΑ,0,ΚΤΙΡΙΑ ΔΙΑΜΕΡΙΣΜΑΤΩΝ                    ,Δ. ΑΘΗΝΑΙΩΝ,1,ΑΤΤΙΚΗΣ,2017-06-09T00:00:00,
,0,0,0,,6ος  Π.Σ. ΘΕΣΣΑΛΟΝΙΚΗΣ,1,0,4,ΔΕΛΤΙΟ ΠΥΡΚΑΓΙΑΣ,ΜΙΚΡΗ,0,ΠΡΑΝΟΙ ΟΔΩΝ                             ,Δ. ΔΕΛΤΑ,1,ΘΕΣΣΑΛΟΝΙΚΗΣ,2017-06-09T00:00:00,
,0,0,0,2017-06-17T00:35:00, 6ος Π.Σ. ΑΘΗΝΩΝ,1,0,3,ΔΕΛΤΙΟ ΠΥΡΚΑΓΙΑΣ,ΨΕΥΔΗΣ ΑΝΑΓΓΕΛΙΑ,0,,Δ. ΑΧΑΡΝΩΝ,1,ΑΤΤΙΚΗΣ,2017-06-17T00:00:00,ΑΧΑΡΝΑΙ
,0,0,0,, 2ος Π.Σ. ΑΘΗΝΩΝ,1,0,4,ΔΕΛΤΙΟ ΠΥΡΚΑΓΙΑΣ,ΜΙΚΡΗ,0,ΟΔΟΣ                                    ,Δ. ΑΘΗΝΑΙΩΝ,1,ΑΤΤΙΚΗΣ,2017-06-25T00:00:00,
,0,0,0,,Π.Κ. ΤΗΝΟΥ,1,0,2,ΔΕΛΤΙΟ ΕΠΕΜΒΑΣΗΣ ΣΕ ΑΝΕΛΚΥΣΤΗΡΑ,ΑΠΕΛΕΥΘΕΡΩΣΗ ΑΠΟ ΑΝΕΛΚΥΣΤΗΡΑ,0,ΚΤΙΡΙΑ ΔΙΑΜΕΡΙΣΜΑΤΩΝ                    ,Δ. ΤΗΝΟΥ,1,ΚΥΚΛΑΔΩΝ,2017-07-13T00:00:00,
ΔΙΑΣΩΣΗ,0,0,0,,2ος  Π.Σ. ΘΕΣΣΑΛΟΝΙΚΗΣ,2,0,7,ΔΕΛΤΙΟ ΠΑΡΟΧΗΣ ΒΟΗΘΕΙΑΣ,ΑΝΟΙΓΜΑ ΘΥΡΩΝ,0,ΚΤΙΡΙΑ ΔΙΑΜΕΡΙΣΜΑΤΩΝ                    ,Δ. ΠΑΥΛΟΥ ΜΕΛΑ,1,ΘΕΣΣΑΛΟΝΙΚΗΣ,2017-07-16T00:00:00,
ΑΠΕΛΕΥΘΕΡΩΣΗ,0,0,0,,Π.Υ. ΒΟΛΟΥ,1,0,3,ΔΕΛΤΙΟ ΕΠΕΜΒΑΣΗΣ ΣΕ ΑΝΕΛΚΥΣΤΗΡΑ,ΑΠΕΛΕΥΘΕΡΩΣΗ ΑΠΟ ΑΝΕΛΚΥΣΤΗΡΑ,0,ΚΤΙΡΙΑ ΔΙΑΜΕΡΙΣΜΑΤΩΝ                    ,Δ. ΒΟΛΟΥ,1,ΜΑΓΝΗΣΙΑΣ,2017-07-16T00:00:00,
ΑΠΕΛΕΥΘΕΡΩΣΗ,0,0,0,,Π.Υ. ΑΛΕΞΑΝΔΡΟΥΠΟΛΗΣ,1,0,2,ΔΕΛΤΙΟ ΕΠΕΜΒΑΣΗΣ ΣΕ ΑΝΕΛΚΥΣΤΗΡΑ,ΑΠΕΛΕΥΘΕΡΩΣΗ ΑΠΟ ΑΝΕΛΚΥΣΤΗΡΑ,0,ΚΤΙΡΙΑ ΔΙΑΜΕΡΙΣΜΑΤΩΝ                    ,Δ. ΑΛΕΞΑΝΔΡΟΥΠΟΛΗΣ,2,ΕΒΡΟΥ,2017-08-03T00:00:00,ΑΛΕΞΑΝΔΡΟΥΠΟΛΗ
,0,0,0,,2ος  Π.Σ. ΘΕΣΣΑΛΟΝΙΚΗΣ,2,0,6,ΔΕΛΤΙΟ ΠΥΡΚΑΓΙΑΣ,ΜΙΚΡΗ,0,ΚΤΙΡΙΑ ΔΙΑΜΕΡΙΣΜΑΤΩΝ                    ,Δ. ΝΕΑΠΟΛΗΣ-ΣΥΚΕΩΝ,1,ΘΕΣΣΑΛΟΝΙΚΗΣ,2017-08-11T00:00:00,ΝΕΑΠΟΛΗ
,0,0,0,,Π.Κ. ΠΑΡΟΥ,1,0,3,ΔΕΛΤΙΟ ΠΥΡΚΑΓΙΑΣ,ΜΙΚΡΗ,0,ΜΟΤΟΠΟΔΗΛΑΤΑ                            ,Δ. ΠΑΡΟΥ,1,ΚΥΚΛΑΔΩΝ,2017-08-11T00:00:00,
,0,0,0,, 2ος Π.Σ. ΑΘΗΝΩΝ,1,0,4,ΔΕΛΤΙΟ ΕΠΕΜΒΑΣΗΣ ΣΕ ΑΝΕΛΚΥΣΤΗΡΑ,ΑΠΕΛΕΥΘΕΡΩΣΗ ΑΠΟ ΑΝΕΛΚΥΣΤΗΡΑ,0,ΚΤΙΡΙΑ ΔΙΑΜΕΡΙΣΜΑΤΩΝ                    ,Δ. ΑΘΗΝΑΙΩΝ,1,ΑΤΤΙΚΗΣ,2017-08-31T00:00:00,
,0,0,0,,3ος  Π.Σ. ΘΕΣΣΑΛΟΝΙΚΗΣ,1,0,2,ΔΕΛΤΙΟ ΠΑΡΟΧΗΣ ΒΟΗΘΕΙΑΣ,ΑΠΕΛΕΥΘΕΡΩΣΗ ΟΔΟΣΤΡΩΜΑΤΟΣ,0,ΠΕΖΟΔΡΟΜΙΑ                              ,Δ. ΘΕΣΣΑΛΟΝΙΚΗΣ,1,ΘΕΣΣΑΛΟΝΙΚΗΣ,2017-08-31T00:00:00,
,0,0,0,,Π.Υ. ΠΡΕΒΕΖΑΣ,1,0,2,ΔΕΛΤΙΟ ΠΑΡΟΧΗΣ ΒΟΗΘΕΙΑΣ,ΔΙΑΣΩΣΕΙΣ ΖΩΩΝ,0,ΠΕΖΟΔΡΟΜΙΑ                              ,Δ. ΠΡΕΒΕΖΑΣ,1,ΠΡΕΒΕΖΗΣ,2017-09-08T00:00:00,ΝΕΑ ΣΑΜΨΟΥΣ
,0,0,0,,Π.Υ. ΒΟΛΟΥ,1,0,3,ΔΕΛΤΙΟ ΠΥΡΚΑΓΙΑΣ,ΨΕΥΔΗΣ ΑΝΑΓΓΕΛΙΑ,0,ΚΤΙΡΙΑ ΔΙΑΜΕΡΙΣΜΑΤΩΝ                    ,Δ. ΒΟΛΟΥ,1,ΜΑΓΝΗΣΙΑΣ,2017-09-15T00:00:00,
ΑΠΕΛΕΥΘΕΡΩΣΗ,0,0,0,2017-09-28T00:10:00,Π.Υ. ΡΟΔΟΥ,1,0,3,ΔΕΛΤΙΟ ΕΠΕΜΒΑΣΗΣ ΣΕ ΑΝΕΛΚΥΣΤΗΡΑ,ΑΠΕΛΕΥΘΕΡΩΣΗ ΑΠΟ ΑΝΕΛΚΥΣΤΗΡΑ,0,ΚΤΙΡΙΑ ΔΙΑΜΕΡΙΣΜΑΤΩΝ                    ,Δ. ΡΟΔΟΥ,1,ΔΩΔΕΚΑΝΗΣΩΝ,2017-09-27T00:00:00,
,0,0,0,,Π.Υ. ΜΑΡΚΟΠΟΥΛΟΥ,1,0,2,ΔΕΛΤΙΟ ΠΥΡΚΑΓΙΑΣ,ΨΕΥΔΗΣ ΑΝΑΓΓΕΛΙΑ,0,,Δ. ΜΑΡΚΟΠΟΥΛΟΥ ΜΕΣΟΓΑΙΑΣ,1,ΑΤΤΙΚΗΣ,2017-10-10T00:00:00,
,0,0,0,, 2ος Π.Σ. ΑΘΗΝΩΝ,2,0,8,ΔΕΛΤΙΟ ΠΥΡΚΑΓΙΑΣ,ΜΙΚΡΗ,0,ΠΡΑΝΟΙ ΟΔΩΝ                             ,Δ. ΑΘΗΝΑΙΩΝ,1,ΑΤΤΙΚΗΣ,2017-10-14T00:00:00,
,0,0,0,, 2ος Π.Σ. ΑΘΗΝΩΝ,2,0,7,ΔΕΛΤΙΟ ΠΑΡΟΧΗΣ ΒΟΗΘΕΙΑΣ,ΜΕΤΑΦΟΡΑ ΑΣΘΕΝΩΝ,0,ΚΤΙΡΙΑ ΔΙΑΜΕΡΙΣΜΑΤΩΝ                    ,Δ. ΑΘΗΝΑΙΩΝ,1,ΑΤΤΙΚΗΣ,2017-10-18T00:00:00,
,0,0,0,,Π.Υ. ΣΕΡΡΩΝ,1,0,2,ΔΕΛΤΙΟ ΕΠΕΜΒΑΣΗΣ ΣΕ ΑΝΕΛΚΥΣΤΗΡΑ,ΑΠΕΛΕΥΘΕΡΩΣΗ ΑΠΟ ΑΝΕΛΚΥΣΤΗΡΑ,0,ΚΤΙΡΙΑ ΔΙΑΜΕΡΙΣΜΑΤΩΝ                    ,Δ. ΣΕΡΡΩΝ,1,ΣΕΡΡΩΝ,2017-10-20T00:00:00,ΣΕΡΡΕΣ
ΑΠΕΛΕΥΘΕΡΩΣΗ,0,0,0,,Π.Υ. ΤΡΙΠΟΛΗΣ,1,0,2,ΔΕΛΤΙΟ ΕΠΕΜΒΑΣΗΣ ΣΕ ΑΝΕΛΚΥΣΤΗΡΑ,ΑΠΕΛΕΥΘΕΡΩΣΗ ΑΠΟ ΑΝΕΛΚΥΣΤΗΡΑ,0,ΚΤΙΡΙΑ ΔΙΑΜΕΡΙΣΜΑΤΩΝ                    ,Δ. ΤΡΙΠΟΛΗΣ,1,ΑΡΚΑΔΙΑΣ,2017-10-23T00:00:00,
ΑΠΕΛΕΥΘΕΡΩΣΗ,0,0,0,,Π.Υ. ΚΑΛΑΜΑΤΑΣ,1,0,3,ΔΕΛΤΙΟ ΕΠΕΜΒΑΣΗΣ ΣΕ ΑΝΕΛΚΥΣΤΗΡΑ,ΑΠΕΛΕΥΘΕΡΩΣΗ ΑΠΟ ΑΝΕΛΚΥΣΤΗΡΑ,0,ΚΤΙΡΙΑ ΔΙΑΜΕΡΙΣΜΑΤΩΝ                    ,Δ. ΚΑΛΑΜΑΤΑΣ,3,ΜΕΣΣΗΝΙΑΣ,2017-10-24T00:00:00,
,0,0,0,,Π.Υ. ΟΡΕΣΤΙΑΔΑΣ,1,0,2,ΔΕΛΤΙΟ ΠΥΡΚΑΓΙΑΣ,ΜΙΚΡΗ,0,ΔΙΠΛΟΚΑΤΟΙΚΙΕΣ                          ,Δ. ΟΡΕΣΤΙΑΔΑΣ,1,ΕΒΡΟΥ,2017-10-31T00:00:00,
ΑΠΕΛΕΥΘΕΡΩΣΗ,0,0,0,,3ος  Π.Σ. ΘΕΣΣΑΛΟΝΙΚΗΣ,2,0,6,ΔΕΛΤΙΟ ΕΠΕΜΒΑΣΗΣ ΣΕ ΑΝΕΛΚΥΣΤΗΡΑ,ΑΠΕΛΕΥΘΕΡΩΣΗ ΑΠΟ ΑΝΕΛΚΥΣΤΗΡΑ,0,ΚΤΙΡΙΑ ΔΙΑΜΕΡΙΣΜΑΤΩΝ                    ,Δ. ΘΕΣΣΑΛΟΝΙΚΗΣ,2,ΘΕΣΣΑΛΟΝΙΚΗΣ,2017-11-07T00:00:00,
,0,0,0,2017-11-12T01:00:00,Π.Κ. ΑΡΓΥΡΑΔΩΝ,1,0,2,ΔΕΛΤΙΟ ΠΑΡΟΧΗΣ ΒΟΗΘΕΙΑΣ,ΑΠΕΛΕΥΘΕΡΩΣΗ ΟΔΟΣΤΡΩΜΑΤΟΣ,0,ΟΔΟΣ                                    ,Δ. ΚΕΡΚΥΡΑΣ,1,ΚΕΡΚΥΡΑΣ,2017-11-11T00:00:00,
,0,0,0,2017-11-12T06:45:00,Π.Κ. ΓΑΙΟΥ ΠΑΞΩΝ,3,0,6,ΔΕΛΤΙΟ ΠΑΡΟΧΗΣ ΒΟΗΘΕΙΑΣ,ΑΠΕΛΕΥΘΕΡΩΣΗ ΟΔΟΣΤΡΩΜΑΤΟΣ,0,ΟΔΟΣ                                    ,Δ. ΚΕΡΚΥΡΑΣ,1,ΚΕΡΚΥΡΑΣ,2017-11-12T00:00:00,
,0,0,0,2017-11-16T01:55:00,1ος  Π.Σ. ΗΡΑΚΛΕΙΟΥ,3,0,10,ΔΕΛΤΙΟ ΠΥΡΚΑΓΙΑΣ,ΜΕΓΑΛΗ,0,ΜΟΝΟΚΑΤΟΙΚΙΕΣ                           ,Δ. ΗΡΑΚΛΕΙΟΥ,1,ΗΡΑΚΛΕΙΟΥ,2017-11-16T00:00:00,ΗΡΑΚΛΕΙΟ
,0,0,0,,Π.Υ. ΝΑΥΠΛΙΟΥ,1,0,2,ΔΕΛΤΙΟ ΕΠΕΜΒΑΣΗΣ ΣΕ ΑΝΕΛΚΥΣΤΗΡΑ,ΑΠΕΛΕΥΘΕΡΩΣΗ ΑΠΟ ΑΝΕΛΚΥΣΤΗΡΑ,0,ΚΤΙΡΙΑ ΔΙΑΜΕΡΙΣΜΑΤΩΝ                    ,Δ. ΝΑΥΠΛΙΕΩΝ,1,ΑΡΓΟΛΙΔΟΣ,2017-11-24T00:00:00,
,0,0,0,,Π.Υ. ΑΡΓΟΣΤΟΛΙΟΥ,5,0,8,ΔΕΛΤΙΟ ΠΥΡΚΑΓΙΑΣ,ΜΕΣΑΙΑ,0,ΔΙΠΛΟΚΑΤΟΙΚΙΕΣ                          ,Δ. ΚΕΦΑΛΛΟΝΙΑΣ,1,ΚΕΦΑΛΛΟΝΙΑΣ,2017-11-24T00:00:00,
,0,0,0,,Π.Υ. ΓΥΘΕΙΟΥ,1,0,2,ΔΕΛΤΙΟ ΠΑΡΟΧΗΣ ΒΟΗΘΕΙΑΣ,ΑΝΤΛΗΣΗ ΝΕΡΟΥ,0,ΜΟΝΟΚΑΤΟΙΚΙΕΣ                           ,Δ. ΑΝΑΤΟΛΙΚΗΣ ΜΑΝΗΣ,1,ΛΑΚΩΝΙΑΣ,2017-12-10T00:00:00,
,0,0,0,, 9ος Π.Σ. ΑΘΗΝΩΝ,1,0,3,ΔΕΛΤΙΟ ΠΥΡΚΑΓΙΑΣ,ΜΙΚΡΗ,0,ΟΔΟΣ                                    ,Δ. ΔΙΟΝΥΣΟΥ,1,ΑΤΤΙΚΗΣ,2018-01-23T00:00:00,
,0,0,0,2018-01-24T01:15:00,1ος  Π.Σ. ΚΕΡΚΥΡΑΣ,1,0,3,ΔΕΛΤΙΟ ΠΥΡΚΑΓΙΑΣ,ΜΙΚΡΗ,0,ΜΟΝΟΚΑΤΟΙΚΙΕΣ                           ,Δ. ΚΕΡΚΥΡΑΣ,1,ΚΕΡΚΥΡΑΣ,2018-01-23T00:00:00,
,0,0,0,,6ος  Π.Σ. ΘΕΣΣΑΛΟΝΙΚΗΣ,3,0,9,ΔΕΛΤΙΟ ΠΥΡΚΑΓΙΑΣ,ΜΕΣΑΙΑ,0,ΑΠΟΘΗΚΕΣ ΓΕΝΙΚΕΣ                        ,Δ. ΧΑΛΚΗΔΟΝΟΣ,1,ΘΕΣΣΑΛΟΝΙΚΗΣ,2018-02-04T00:00:00,
,0,0,0,2018-02-09T00:50:00,1ος  Π.Σ. ΚΕΡΚΥΡΑΣ,1,0,2,ΔΕΛΤΙΟ ΠΥΡΚΑΓΙΑΣ,ΜΙΚΡΗ,0,ΠΡΑΝΟΙ ΟΔΩΝ                             ,Δ. ΚΕΡΚΥΡΑΣ,1,ΚΕΡΚΥΡΑΣ,2018-02-08T00:00:00,
,0,0,0,,Π.Υ. ΜΑΡΚΟΠΟΥΛΟΥ,1,0,2,ΔΕΛΤΙΟ ΠΥΡΚΑΓΙΑΣ,ΜΙΚΡΗ,0,ΑΥΤΟΚΙΝΗΤΑ                              ,Δ. ΜΑΡΚΟΠΟΥΛΟΥ ΜΕΣΟΓΑΙΑΣ,1,ΑΤΤΙΚΗΣ,2018-02-10T00:00:00,
,0,0,0,,Π.Υ. ΠΑΡΓΑΣ,1,0,2,ΔΕΛΤΙΟ ΠΑΡΟΧΗΣ ΒΟΗΘΕΙΑΣ,ΑΠΕΛΕΥΘΕΡΩΣΗ ΟΔΟΣΤΡΩΜΑΤΟΣ,0,ΟΔΟΣ                                    ,Δ. ΠΑΡΓΑΣ,1,ΠΡΕΒΕΖΗΣ,2018-02-14T00:00:00,ΕΦΥΡΑ
ΑΠΕΛΕΥΘΕΡΩΣΗ,0,0,0,,Π.Υ. ΚΟΖΑΝΗΣ,1,0,3,ΔΕΛΤΙΟ ΕΠΕΜΒΑΣΗΣ ΣΕ ΑΝΕΛΚΥΣΤΗΡΑ,ΑΠΕΛΕΥΘΕΡΩΣΗ ΑΠΟ ΑΝΕΛΚΥΣΤΗΡΑ,0,ΚΤΙΡΙΑ ΔΙΑΜΕΡΙΣΜΑΤΩΝ                    ,Δ. ΚΟΖΑΝΗΣ,1,ΚΟΖΑΝΗΣ,2018-03-03T00:00:00,
,0,0,0,, 2ος Π.Σ. ΑΘΗΝΩΝ,1,0,3,ΔΕΛΤΙΟ ΠΑΡΟΧΗΣ ΒΟΗΘΕΙΑΣ,ΔΙΑΣΩΣΕΙΣ ΑΝΘΡΩΠΩΝ,0,ΚΤΙΡΙΑ ΔΙΑΜΕΡΙΣΜΑΤΩΝ                    ,Δ. ΑΘΗΝΑΙΩΝ,1,ΑΤΤΙΚΗΣ,2018-04-07T00:00:00,
,0,0,0,2018-04-30T00:10:00,Π.Υ. ΑΓΡΙΝΙΟΥ,1,0,2,ΔΕΛΤΙΟ ΕΠΕΜΒΑΣΗΣ ΣΕ ΑΝΕΛΚΥΣΤΗΡΑ,ΑΠΕΛΕΥΘΕΡΩΣΗ ΑΠΟ ΑΝΕΛΚΥΣΤΗΡΑ,0,ΚΤΙΡΙΑ ΔΙΑΜΕΡΙΣΜΑΤΩΝ                    ,Δ. ΑΓΡΙΝΙΟΥ,1,ΑΙΤΩΛΟΑΚΑΡΝΑΝΙΑΣ,2018-04-30T00:00:00,ΑΓΡΙΝΙΟ
,0,0,0,2018-05-03T00:30:00,Π.Υ. ΜΕΣΟΛΟΓΓΙΟΥ,1,0,2,ΔΕΛΤΙΟ ΠΥΡΚΑΓΙΑΣ,ΜΙΚΡΗ,0,ΚΑΛΑΜΙΑ-ΒΑΛΤΟΙ                          ,Δ. ΙΕΡΑΣ ΠΟΛΗΣ ΜΕΣΟΛΟΓΓΙΟΥ,1,ΑΙΤΩΛΟΑΚΑΡΝΑΝΙΑΣ,2018-05-03T00:00:00,ΜΕΣΟΛΟΓΓΙ
,0,0,0,,Π.Κ. ΝΙΓΡΙΤΑΣ,1,0,2,ΔΕΛΤΙΟ ΠΑΡΟΧΗΣ ΒΟΗΘΕΙΑΣ,ΠΛΥΣΙΜΟ ΟΔΟΥ,0,ΟΔΟΣ                                    ,Δ. ΒΙΣΑΛΤΙΑΣ,1,ΣΕΡΡΩΝ,2018-05-07T00:00:00,
,0,0,0,,3ος  Π.Σ. ΘΕΣΣΑΛΟΝΙΚΗΣ,2,0,7,ΔΕΛΤΙΟ ΠΥΡΚΑΓΙΑΣ,ΜΙΚΡΗ,0,ΠΕΖΟΔΡΟΜΙΑ                              ,Δ. ΘΕΣΣΑΛΟΝΙΚΗΣ,1,ΘΕΣΣΑΛΟΝΙΚΗΣ,2018-05-22T00:00:00,
,0,0,0,,Π.Υ. ΧΑΛΚΙΔΑΣ,1,0,2,ΔΕΛΤΙΟ ΠΥΡΚΑΓΙΑΣ,ΜΙΚΡΗ,0,ΟΔΟΣ                                    ,Δ. ΧΑΛΚΙΔΕΩΝ,1,ΕΥΒΟΙΑΣ,2018-05-26T00:00:00,ΧΑΛΚΙΣ
,0,0,0,, 4ος Π.Σ. ΑΘΗΝΩΝ,1,0,5,ΔΕΛΤΙΟ ΠΥΡΚΑΓΙΑΣ,ΨΕΥΔΗΣ ΑΝΑΓΓΕΛΙΑ,0,,Δ. ΑΘΗΝΑΙΩΝ,1,ΑΤΤΙΚΗΣ,2018-05-29T00:00:00,
,0,0,0,, 7ος Π.Σ. ΑΘΗΝΩΝ,2,0,9,ΔΕΛΤΙΟ ΠΥΡΚΑΓΙΑΣ,ΜΙΚΡΗ,0,ΑΛΣΗ                                    ,Δ. ΗΛΙΟΥΠΟΛΕΩΣ,1,ΑΤΤΙΚΗΣ,2018-05-29T00:00:00,
,0,0,0,,1ος  Π.Σ. ΛΑΡΙΣΑΣ,1,0,2,ΔΕΛΤΙΟ ΠΥΡΚΑΓΙΑΣ,ΜΙΚΡΗ,0,ΟΔΟΣ                                    ,Δ. ΛΑΡΙΣΑΙΩΝ,1,ΛΑΡΙΣΑΣ,2018-06-01T00:00:00,
,0,0,0,2018-06-01T01:00:00,Π.Κ. ΘΥΝΑΛΙΩΝ,1,0,2,ΔΕΛΤΙΟ ΠΥΡΚΑΓΙΑΣ,ΜΙΚΡΗ,0,ΧΩΡΟΙ ΑΠΟΡΡΙΜΑΤΩΝ                       ,Δ. ΚΕΡΚΥΡΑΣ,1,ΚΕΡΚΥΡΑΣ,2018-06-01T00:00:00,
,0,0,0,2018-06-05T01:00:00,10ος Π.Σ. ΑΘΗΝΩΝ,2,0,10,ΔΕΛΤΙΟ ΠΥΡΚΑΓΙΑΣ,ΜΙΚΡΗ,0,ΚΤΙΡΙΑ ΔΙΑΜΕΡΙΣΜΑΤΩΝ                    ,Δ. ΠΕΡΙΣΤΕΡΙΟΥ,1,ΑΤΤΙΚΗΣ,2018-06-05T00:00:00,ΠΕΡΙΣΤΕΡΙ
,0,0,0,,Π.Κ. ΚΑΣΣΑΝΔΡΑΣ,1,0,3,ΔΕΛΤΙΟ ΠΑΡΟΧΗΣ ΒΟΗΘΕΙΑΣ,ΤΡΟΧΑΙΑ ΑΤΥΧΗΜΑΤΑ,0,ΟΔΟΣ                                    ,Δ. ΚΑΣΣΑΝΔΡΑΣ,1,ΧΑΛΚΙΔΙΚΗΣ,2018-06-06T00:00:00,
,0,0,0,,Π.Υ. ΕΡΜΟΥΠΟΛΗΣ,1,0,4,ΔΕΛΤΙΟ ΠΑΡΟΧΗΣ ΒΟΗΘΕΙΑΣ,ΔΙΑΣΩΣΕΙΣ ΑΝΘΡΩΠΩΝ,0,ΚΤΙΡΙΑ ΔΙΑΜΕΡΙΣΜΑΤΩΝ                    ,Δ. ΣΥΡΟΥ-ΕΡΜΟΥΠΟΛΕΩΣ,1,ΚΥΚΛΑΔΩΝ,2018-06-17T00:00:00,
ΑΠΕΛΕΥΘΕΡΩΣΗ,0,0,0,,1ος  Π.Σ. ΛΑΡΙΣΑΣ,1,0,3,ΔΕΛΤΙΟ ΕΠΕΜΒΑΣΗΣ ΣΕ ΑΝΕΛΚΥΣΤΗΡΑ,ΑΠΕΛΕΥΘΕΡΩΣΗ ΑΠΟ ΑΝΕΛΚΥΣΤΗΡΑ,0,ΚΤΙΡΙΑ ΔΙΑΜΕΡΙΣΜΑΤΩΝ                    ,Δ. ΛΑΡΙΣΑΙΩΝ,1,ΛΑΡΙΣΑΣ,2018-06-27T00:00:00,
,0,0,0,2018-07-01T00:55:00,10ος Π.Σ. ΑΘΗΝΩΝ,2,0,5,ΔΕΛΤΙΟ ΠΥΡΚΑΓΙΑΣ,ΜΙΚΡΗ,0,,Δ. ΙΛΙΟΥ,1,ΑΤΤΙΚΗΣ,2018-07-01T00:00:00,ΙΛΙΟΝ
,0,0,0,,1ος  Π.Σ. ΛΑΡΙΣΑΣ,1,0,3,ΔΕΛΤΙΟ ΠΑΡΟΧΗΣ ΒΟΗΘΕΙΑΣ,ΔΙΑΣΩΣΕΙΣ ΖΩΩΝ,0,ΑΥΤΟΚΙΝΗΤΑ                              ,Δ. ΤΥΡΝΑΒΟΥ,1,ΛΑΡΙΣΑΣ,2018-07-09T00:00:00,
,0,0,0,,1ος  Π.Σ. ΙΩΑΝΝΙΝΩΝ,2,0,5,ΔΕΛΤΙΟ ΠΥΡΚΑΓΙΑΣ,ΜΙΚΡΗ,0,ΟΔΟΣ                                    ,Δ. ΙΩΑΝΝΙΤΩΝ,1,ΙΩΑΝΝΙΝΩΝ,2018-07-13T00:00:00,
,0,0,0,2018-07-16T00:45:00,Π.Υ. ΜΑΚΡΑΚΩΜΗΣ,1,0,3,ΔΕΛΤΙΟ ΠΥΡΚΑΓΙΑΣ,ΜΙΚΡΗ,0,ΜΟΝΟΚΑΤΟΙΚΙΕΣ                           ,Δ. ΜΑΚΡΑΚΩΜΗΣ,1,ΦΘΙΩΤΙΔΑΣ,2018-07-15T00:00:00,ΣΠΕΡΧΕΙΑΣ
,0,0,0,, 1ος Π.Σ. ΑΘΗΝΩΝ,1,0,3,ΔΕΛΤΙΟ ΕΠΕΜΒΑΣΗΣ ΣΕ ΑΝΕΛΚΥΣΤΗΡΑ,ΑΠΕΛΕΥΘΕΡΩΣΗ ΑΠΟ ΑΝΕΛΚΥΣΤΗΡΑ,0,ΚΤΙΡΙΑ ΔΙΑΜΕΡΙΣΜΑΤΩΝ                    ,Δ. ΑΘΗΝΑΙΩΝ,1,ΑΤΤΙΚΗΣ,2018-07-27T00:00:00,
,0,0,0,, 7ος Π.Σ. ΑΘΗΝΩΝ,1,0,2,ΔΕΛΤΙΟ ΠΑΡΟΧΗΣ ΒΟΗΘΕΙΑΣ,ΑΝΤΛΗΣΗ ΝΕΡΟΥ,0,ΣΤΑΘΜΟΙ ΑΥΤΟΚΙΝΗΤΩΝ ΣΤΕΓΑΣΜΕΝΟΙ         ,Δ. ΦΙΛΟΘΕΗΣ - ΨΥΧΙΚΟΥ,1,ΑΤΤΙΚΗΣ,2018-07-30T00:00:00,
,0,0,0,, 7ος Π.Σ. ΑΘΗΝΩΝ,2,0,5,ΔΕΛΤΙΟ ΠΥΡΚΑΓΙΑΣ,ΨΕΥΔΗΣ ΑΝΑΓΓΕΛΙΑ,0,,Δ. ΑΘΗΝΑΙΩΝ,1,ΑΤΤΙΚΗΣ,2018-08-15T00:00:00,
ΑΠΕΛΕΥΘΕΡΩΣΗ,0,0,0,,Π.Υ. ΧΙΟΥ,1,0,2,ΔΕΛΤΙΟ ΠΑΡΟΧΗΣ ΒΟΗΘΕΙΑΣ,ΔΙΑΣΩΣΕΙΣ ΖΩΩΝ,0,ΑΥΤΟΚΙΝΗΤΑ                              ,Δ. ΧΙΟΥ,1,ΧΙΟΥ,2018-08-16T00:00:00,
,0,0,0,, 1ος Π.Σ. ΑΘΗΝΩΝ,2,0,7,ΔΕΛΤΙΟ ΠΥΡΚΑΓΙΑΣ,ΨΕΥΔΗΣ ΑΝΑΓΓΕΛΙΑ,0,ΕΜΠΟΡΙΚΑ ΚΕΝΤΡΑ                         ,Δ. ΒΥΡΩΝΟΣ,1,ΑΤΤΙΚΗΣ,2018-09-07T00:00:00,
,0,0,0,,Π.Υ. ΜΕΓΑΡΩΝ,1,0,2,ΔΕΛΤΙΟ ΠΑΡΟΧΗΣ ΒΟΗΘΕΙΑΣ,ΑΝΤΛΗΣΗ ΝΕΡΟΥ,0,ΚΤΙΡΙΑ ΔΙΑΜΕΡΙΣΜΑΤΩΝ                    ,Δ. ΜΕΓΑΡΕΩΝ,1,ΑΤΤΙΚΗΣ,2018-09-30T00:00:00,
,0,0,0,,Π.Υ. ΣΕΡΡΩΝ,2,0,5,ΔΕΛΤΙΟ ΠΑΡΟΧΗΣ ΒΟΗΘΕΙΑΣ,ΠΛΥΣΙΜΟ ΟΔΟΥ,0,ΟΔΟΣ                                    ,Δ. ΣΕΡΡΩΝ,1,ΣΕΡΡΩΝ,2018-09-30T00:00:00,ΣΕΡΡΕΣ
,0,0,0,,Π.Υ. ΙΣΤΙΑΙΑΣ,1,0,2,ΔΕΛΤΙΟ ΠΑΡΟΧΗΣ ΒΟΗΘΕΙΑΣ,ΑΝΤΛΗΣΗ ΝΕΡΟΥ,0,ΔΙΠΛΟΚΑΤΟΙΚΙΕΣ                          ,Δ. ΙΣΤΙΑΙΑΣ - ΑΙΔΗΨΟΥ,1,ΕΥΒΟΙΑΣ,2018-09-30T00:00:00,ΙΣΤΙΑΙΑ
,0,0,0,,Π.Υ. ΙΣΤΙΑΙΑΣ,1,0,2,ΔΕΛΤΙΟ ΠΑΡΟΧΗΣ ΒΟΗΘΕΙΑΣ,ΑΝΤΛΗΣΗ ΝΕΡΟΥ,0,ΜΟΝΟΚΑΤΟΙΚΙΕΣ                           ,Δ. ΙΣΤΙΑΙΑΣ - ΑΙΔΗΨΟΥ,1,ΕΥΒΟΙΑΣ,2018-10-02T00:00:00,
ΑΠΕΛΕΥΘΕΡΩΣΗ,0,0,0,, 4ος Π.Σ. ΑΘΗΝΩΝ,1,0,3,ΔΕΛΤΙΟ ΕΠΕΜΒΑΣΗΣ ΣΕ ΑΝΕΛΚΥΣΤΗΡΑ,ΑΠΕΛΕΥΘΕΡΩΣΗ ΑΠΟ ΑΝΕΛΚΥΣΤΗΡΑ,0,ΚΤΙΡΙΑ ΔΙΑΜΕΡΙΣΜΑΤΩΝ                    ,Δ. ΑΘΗΝΑΙΩΝ,3,ΑΤΤΙΚΗΣ,2018-10-06T00:00:00,
,0,0,0,2018-10-27T00:12:00,1ος  Π.Σ. ΗΡΑΚΛΕΙΟΥ,1,0,3,ΔΕΛΤΙΟ ΠΥΡΚΑΓΙΑΣ,ΜΙΚΡΗ,0,ΟΔΟΣ                                    ,Δ. ΗΡΑΚΛΕΙΟΥ,1,ΗΡΑΚΛΕΙΟΥ,2018-10-27T00:00:00,ΗΡΑΚΛΕΙΟ
,0,0,0,,Π.Υ. ΚΑΛΑΜΑΤΑΣ,1,0,3,ΔΕΛΤΙΟ ΠΑΡΟΧΗΣ ΒΟΗΘΕΙΑΣ,ΑΝΟΙΓΜΑ ΘΥΡΩΝ,0,ΚΤΙΡΙΑ ΔΙΑΜΕΡΙΣΜΑΤΩΝ                    ,Δ. ΚΑΛΑΜΑΤΑΣ,1,ΜΕΣΣΗΝΙΑΣ,2018-11-02T00:00:00,
ΑΠΕΛΕΥΘΕΡΩΣΗ,0,0,0,,1ος  Π.Σ. ΘΕΣΣΑΛΟΝΙΚΗΣ,1,0,2,ΔΕΛΤΙΟ ΕΠΕΜΒΑΣΗΣ ΣΕ ΑΝΕΛΚΥΣΤΗΡΑ,ΑΠΕΛΕΥΘΕΡΩΣΗ ΑΠΟ ΑΝΕΛΚΥΣΤΗΡΑ,0,ΚΤΙΡΙΑ ΔΙΑΜΕΡΙΣΜΑΤΩΝ                    ,Δ. ΘΕΣΣΑΛΟΝΙΚΗΣ,2,ΘΕΣΣΑΛΟΝΙΚΗΣ,2018-11-03T00:00:00,
,0,0,0,2018-11-03T01:45:00,Π.Υ. ΜΕΣΟΛΟΓΓΙΟΥ,1,0,2,ΔΕΛΤΙΟ ΠΥΡΚΑΓΙΑΣ,ΜΕΣΑΙΑ,0,ΑΥΤΟΚΙΝΗΤΑ                              ,Δ. ΙΕΡΑΣ ΠΟΛΗΣ ΜΕΣΟΛΟΓΓΙΟΥ,1,ΑΙΤΩΛΟΑΚΑΡΝΑΝΙΑΣ,2018-11-03T00:00:00,
ΑΠΕΛΕΥΘΕΡΩΣΗ,0,0,0,, 7ος Π.Σ. ΑΘΗΝΩΝ,1,0,4,ΔΕΛΤΙΟ ΕΠΕΜΒΑΣΗΣ ΣΕ ΑΝΕΛΚΥΣΤΗΡΑ,ΑΠΕΛΕΥΘΕΡΩΣΗ ΑΠΟ ΑΝΕΛΚΥΣΤΗΡΑ,0,ΚΤΙΡΙΑ ΔΙΑΜΕΡΙΣΜΑΤΩΝ                    ,Δ. ΗΛΙΟΥΠΟΛΕΩΣ,1,ΑΤΤΙΚΗΣ,2018-12-04T00:00:00,
ΑΠΕΛΕΥΘΕΡΩΣΗ,0,0,0,,1ος  Π.Σ. ΙΩΑΝΝΙΝΩΝ,1,0,2,ΔΕΛΤΙΟ ΕΠΕΜΒΑΣΗΣ ΣΕ ΑΝΕΛΚΥΣΤΗΡΑ,ΑΠΕΛΕΥΘΕΡΩΣΗ ΑΠΟ ΑΝΕΛΚΥΣΤΗΡΑ,0,ΚΤΙΡΙΑ ΔΙΑΜΕΡΙΣΜΑΤΩΝ                    ,Δ. ΙΩΑΝΝΙΤΩΝ,1,ΙΩΑΝΝΙΝΩΝ,2018-12-24T00:00:00,
