age_group,count,election_type,electoral_district,year
18-23,18645,βουλευτικές,ΑΙΤΩΛ/ΝΙΑΣ,2012
18-23,6594,βουλευτικές,ΑΡΓΟΛΙΔΟΣ,2012
18-23,7188,βουλευτικές,ΑΡΚΑΔΙΑΣ,2012
18-23,5693,βουλευτικές,ΑΡΤΗΣ,2012
18-23,24137,βουλευτικές,Α'ΑΘΗΝΩΝ,2012
18-23,94962,βουλευτικές,Β'ΑΘΗΝΩΝ,2012
18-23,34008,βουλευτικές,ΝΟΜΟΥ ΑΤΤΙΚΗΣ,2012
18-23,11192,βουλευτικές,Α'  ΠΕΙΡΑΙΩΣ,2012
18-23,17731,βουλευτικές,Β'  ΠΕΙΡΑΙΩΣ,2012
18-23,20898,βουλευτικές,ΑΧΑΪΑΣ,2012
18-23,7496,βουλευτικές,ΒΟΙΩΤΙΑΣ,2012
18-23,2850,βουλευτικές,ΓΡΕΒΕΝΩΝ,2012
18-23,8898,βουλευτικές,ΔΡΑΜΑΣ,2012
18-23,13930,βουλευτικές,ΔΩΔΕΚΑΝΗΣΟΥ,2012
18-23,11551,βουλευτικές,ΕΒΡΟΥ,2012
18-23,14225,βουλευτικές,ΕΥΒΟΙΑΣ,2012
18-23,1940,βουλευτικές,ΕΥΡΥΤΑΝΙΑΣ,2012
18-23,2770,βουλευτικές,ΖΑΚΥΝΘΟΥ,2012
18-23,12534,βουλευτικές,ΗΛΕΙΑΣ,2012
18-23,10322,βουλευτικές,ΗΜΑΘΙΑΣ,2012
18-23,19784,βουλευτικές,ΗΡΑΚΛΕΙΟΥ,2012
18-23,4419,βουλευτικές,ΘΕΣΠΡΩΤΙΑΣ,2012
18-23,36332,βουλευτικές,Α'  ΘΕΣ/ΝΙΚΗΣ,2012
18-23,22120,βουλευτικές,Β'  ΘΕΣ/ΝΙΚΗΣ,2012
18-23,10569,βουλευτικές,ΙΩΑΝΝΙΝΩΝ,2012
18-23,10162,βουλευτικές,ΚΑΒΑΛΑΣ,2012
18-23,9475,βουλευτικές,ΚΑΡΔΙΤΣΗΣ,2012
18-23,3573,βουλευτικές,ΚΑΣΤΟΡΙΑΣ,2012
18-23,6552,βουλευτικές,ΚΕΡΚΥΡΑΣ,2012
18-23,2907,βουλευτικές,ΚΕΦΑΛΛΗΝΙΑΣ,2012
18-23,7811,βουλευτικές,ΚΙΛΚΙΣ,2012
18-23,11426,βουλευτικές,ΚΟΖΑΝΗΣ,2012
18-23,8689,βουλευτικές,ΚΟΡΙΝΘΙΑΣ,2012
18-23,8074,βουλευτικές,ΚΥΚΛΑΔΩΝ,2012
18-23,5955,βουλευτικές,ΛΑΚΩΝΙΑΣ,2012
18-23,18525,βουλευτικές,ΛΑΡΙΣΗΣ,2012
18-23,5052,βουλευτικές,ΛΑΣΙΘΙΟΥ,2012
18-23,7064,βουλευτικές,ΛΕΣΒΟΥ,2012
18-23,1644,βουλευτικές,ΛΕΥΚΑΔΟΣ,2012
18-23,12312,βουλευτικές,ΜΑΓΝΗΣΙΑΣ,2012
18-23,11593,βουλευτικές,ΜΕΣΣΗΝΙΑΣ,2012
18-23,10625,βουλευτικές,ΞΑΝΘΗΣ,2012
18-23,11335,βουλευτικές,ΠΕΛΛΗΣ,2012
18-23,10129,βουλευτικές,ΠΙΕΡΙΑΣ,2012
18-23,4973,βουλευτικές,ΠΡΕΒΕΖΗΣ,2012
18-23,5741,βουλευτικές,ΡΕΘΥΜΝΗΣ,2012
18-23,9311,βουλευτικές,ΡΟΔΟΠΗΣ,2012
18-23,2804,βουλευτικές,ΣΑΜΟΥ,2012
18-23,17107,βουλευτικές,ΣΕΡΡΩΝ,2012
18-23,10809,βουλευτικές,ΤΡΙΚΑΛΩΝ,2012
18-23,10295,βουλευτικές,ΦΘΙΩΤΙΔΟΣ,2012
18-23,4222,βουλευτικές,ΦΛΩΡΙΝΗΣ,2012
18-23,2716,βουλευτικές,ΦΩΚΙΔΟΣ,2012
18-23,7580,βουλευτικές,ΧΑΛΚΙΔΙΚΗΣ,2012
18-23,10310,βουλευτικές,ΧΑΝΙΩΝ,2012
18-23,3585,βουλευτικές,ΧΙΟΥ,2012
24-29,21472,βουλευτικές,ΑΙΤΩΛ/ΝΙΑΣ,2012
24-29,7710,βουλευτικές,ΑΡΓΟΛΙΔΟΣ,2012
24-29,8385,βουλευτικές,ΑΡΚΑΔΙΑΣ,2012
24-29,6852,βουλευτικές,ΑΡΤΗΣ,2012
24-29,28854,βουλευτικές,Α'ΑΘΗΝΩΝ,2012
24-29,105794,βουλευτικές,Β'ΑΘΗΝΩΝ,2012
24-29,38138,βουλευτικές,ΝΟΜΟΥ ΑΤΤΙΚΗΣ,2012
24-29,13800,βουλευτικές,Α'  ΠΕΙΡΑΙΩΣ,2012
24-29,20817,βουλευτικές,Β'  ΠΕΙΡΑΙΩΣ,2012
24-29,24499,βουλευτικές,ΑΧΑΪΑΣ,2012
24-29,8831,βουλευτικές,ΒΟΙΩΤΙΑΣ,2012
24-29,3127,βουλευτικές,ΓΡΕΒΕΝΩΝ,2012
24-29,9563,βουλευτικές,ΔΡΑΜΑΣ,2012
24-29,15212,βουλευτικές,ΔΩΔΕΚΑΝΗΣΟΥ,2012
24-29,13003,βουλευτικές,ΕΒΡΟΥ,2012
24-29,16843,βουλευτικές,ΕΥΒΟΙΑΣ,2012
24-29,2315,βουλευτικές,ΕΥΡΥΤΑΝΙΑΣ,2012
24-29,3017,βουλευτικές,ΖΑΚΥΝΘΟΥ,2012
24-29,14730,βουλευτικές,ΗΛΕΙΑΣ,2012
24-29,11304,βουλευτικές,ΗΜΑΘΙΑΣ,2012
24-29,22749,βουλευτικές,ΗΡΑΚΛΕΙΟΥ,2012
24-29,5108,βουλευτικές,ΘΕΣΠΡΩΤΙΑΣ,2012
24-29,41266,βουλευτικές,Α'  ΘΕΣ/ΝΙΚΗΣ,2012
24-29,22524,βουλευτικές,Β'  ΘΕΣ/ΝΙΚΗΣ,2012
24-29,13304,βουλευτικές,ΙΩΑΝΝΙΝΩΝ,2012
24-29,10838,βουλευτικές,ΚΑΒΑΛΑΣ,2012
24-29,11200,βουλευτικές,ΚΑΡΔΙΤΣΗΣ,2012
24-29,4368,βουλευτικές,ΚΑΣΤΟΡΙΑΣ,2012
24-29,8038,βουλευτικές,ΚΕΡΚΥΡΑΣ,2012
24-29,3401,βουλευτικές,ΚΕΦΑΛΛΗΝΙΑΣ,2012
24-29,8055,βουλευτικές,ΚΙΛΚΙΣ,2012
24-29,13534,βουλευτικές,ΚΟΖΑΝΗΣ,2012
24-29,10356,βουλευτικές,ΚΟΡΙΝΘΙΑΣ,2012
24-29,9122,βουλευτικές,ΚΥΚΛΑΔΩΝ,2012
24-29,7129,βουλευτικές,ΛΑΚΩΝΙΑΣ,2012
24-29,20935,βουλευτικές,ΛΑΡΙΣΗΣ,2012
24-29,5737,βουλευτικές,ΛΑΣΙΘΙΟΥ,2012
24-29,7911,βουλευτικές,ΛΕΣΒΟΥ,2012
24-29,2172,βουλευτικές,ΛΕΥΚΑΔΟΣ,2012
24-29,14589,βουλευτικές,ΜΑΓΝΗΣΙΑΣ,2012
24-29,14300,βουλευτικές,ΜΕΣΣΗΝΙΑΣ,2012
24-29,11665,βουλευτικές,ΞΑΝΘΗΣ,2012
24-29,12334,βουλευτικές,ΠΕΛΛΗΣ,2012
24-29,10514,βουλευτικές,ΠΙΕΡΙΑΣ,2012
24-29,5692,βουλευτικές,ΠΡΕΒΕΖΗΣ,2012
24-29,6355,βουλευτικές,ΡΕΘΥΜΝΗΣ,2012
24-29,10545,βουλευτικές,ΡΟΔΟΠΗΣ,2012
24-29,3284,βουλευτικές,ΣΑΜΟΥ,2012
24-29,18166,βουλευτικές,ΣΕΡΡΩΝ,2012
24-29,12335,βουλευτικές,ΤΡΙΚΑΛΩΝ,2012
24-29,12081,βουλευτικές,ΦΘΙΩΤΙΔΟΣ,2012
24-29,4972,βουλευτικές,ΦΛΩΡΙΝΗΣ,2012
24-29,3125,βουλευτικές,ΦΩΚΙΔΟΣ,2012
24-29,8112,βουλευτικές,ΧΑΛΚΙΔΙΚΗΣ,2012
24-29,11670,βουλευτικές,ΧΑΝΙΩΝ,2012
24-29,4460,βουλευτικές,ΧΙΟΥ,2012
30-35,23685,βουλευτικές,ΑΙΤΩΛ/ΝΙΑΣ,2012
30-35,9173,βουλευτικές,ΑΡΓΟΛΙΔΟΣ,2012
30-35,9688,βουλευτικές,ΑΡΚΑΔΙΑΣ,2012
30-35,7643,βουλευτικές,ΑΡΤΗΣ,2012
30-35,39209,βουλευτικές,Α'ΑΘΗΝΩΝ,2012
30-35,140274,βουλευτικές,Β'ΑΘΗΝΩΝ,2012
30-35,48118,βουλευτικές,ΝΟΜΟΥ ΑΤΤΙΚΗΣ,2012
30-35,18072,βουλευτικές,Α'  ΠΕΙΡΑΙΩΣ,2012
30-35,27282,βουλευτικές,Β'  ΠΕΙΡΑΙΩΣ,2012
30-35,29529,βουλευτικές,ΑΧΑΪΑΣ,2012
30-35,10999,βουλευτικές,ΒΟΙΩΤΙΑΣ,2012
30-35,3700,βουλευτικές,ΓΡΕΒΕΝΩΝ,2012
30-35,10707,βουλευτικές,ΔΡΑΜΑΣ,2012
30-35,17976,βουλευτικές,ΔΩΔΕΚΑΝΗΣΟΥ,2012
30-35,15427,βουλευτικές,ΕΒΡΟΥ,2012
30-35,19854,βουλευτικές,ΕΥΒΟΙΑΣ,2012
30-35,2439,βουλευτικές,ΕΥΡΥΤΑΝΙΑΣ,2012
30-35,3654,βουλευτικές,ΖΑΚΥΝΘΟΥ,2012
30-35,16320,βουλευτικές,ΗΛΕΙΑΣ,2012
30-35,14090,βουλευτικές,ΗΜΑΘΙΑΣ,2012
30-35,27789,βουλευτικές,ΗΡΑΚΛΕΙΟΥ,2012
30-35,6108,βουλευτικές,ΘΕΣΠΡΩΤΙΑΣ,2012
30-35,53947,βουλευτικές,Α'  ΘΕΣ/ΝΙΚΗΣ,2012
30-35,28630,βουλευτικές,Β'  ΘΕΣ/ΝΙΚΗΣ,2012
30-35,16658,βουλευτικές,ΙΩΑΝΝΙΝΩΝ,2012
30-35,13146,βουλευτικές,ΚΑΒΑΛΑΣ,2012
30-35,12737,βουλευτικές,ΚΑΡΔΙΤΣΗΣ,2012
30-35,5027,βουλευτικές,ΚΑΣΤΟΡΙΑΣ,2012
30-35,9814,βουλευτικές,ΚΕΡΚΥΡΑΣ,2012
30-35,4036,βουλευτικές,ΚΕΦΑΛΛΗΝΙΑΣ,2012
30-35,9166,βουλευτικές,ΚΙΛΚΙΣ,2012
30-35,15312,βουλευτικές,ΚΟΖΑΝΗΣ,2012
30-35,12990,βουλευτικές,ΚΟΡΙΝΘΙΑΣ,2012
30-35,10821,βουλευτικές,ΚΥΚΛΑΔΩΝ,2012
30-35,8702,βουλευτικές,ΛΑΚΩΝΙΑΣ,2012
30-35,25666,βουλευτικές,ΛΑΡΙΣΗΣ,2012
30-35,6597,βουλευτικές,ΛΑΣΙΘΙΟΥ,2012
30-35,9524,βουλευτικές,ΛΕΣΒΟΥ,2012
30-35,2448,βουλευτικές,ΛΕΥΚΑΔΟΣ,2012
30-35,17527,βουλευτικές,ΜΑΓΝΗΣΙΑΣ,2012
30-35,16474,βουλευτικές,ΜΕΣΣΗΝΙΑΣ,2012
30-35,12455,βουλευτικές,ΞΑΝΘΗΣ,2012
30-35,13901,βουλευτικές,ΠΕΛΛΗΣ,2012
30-35,12349,βουλευτικές,ΠΙΕΡΙΑΣ,2012
30-35,6724,βουλευτικές,ΠΡΕΒΕΖΗΣ,2012
30-35,7447,βουλευτικές,ΡΕΘΥΜΝΗΣ,2012
30-35,12165,βουλευτικές,ΡΟΔΟΠΗΣ,2012
30-35,3993,βουλευτικές,ΣΑΜΟΥ,2012
30-35,21252,βουλευτικές,ΣΕΡΡΩΝ,2012
30-35,14856,βουλευτικές,ΤΡΙΚΑΛΩΝ,2012
30-35,14301,βουλευτικές,ΦΘΙΩΤΙΔΟΣ,2012
30-35,5686,βουλευτικές,ΦΛΩΡΙΝΗΣ,2012
30-35,3827,βουλευτικές,ΦΩΚΙΔΟΣ,2012
30-35,9976,βουλευτικές,ΧΑΛΚΙΔΙΚΗΣ,2012
30-35,13675,βουλευτικές,ΧΑΝΙΩΝ,2012
30-35,5233,βουλευτικές,ΧΙΟΥ,2012
36-41,23751,βουλευτικές,ΑΙΤΩΛ/ΝΙΑΣ,2012
36-41,9067,βουλευτικές,ΑΡΓΟΛΙΔΟΣ,2012
36-41,9885,βουλευτικές,ΑΡΚΑΔΙΑΣ,2012
36-41,7597,βουλευτικές,ΑΡΤΗΣ,2012
36-41,42990,βουλευτικές,Α'ΑΘΗΝΩΝ,2012
36-41,153986,βουλευτικές,Β'ΑΘΗΝΩΝ,2012
36-41,50446,βουλευτικές,ΝΟΜΟΥ ΑΤΤΙΚΗΣ,2012
36-41,18784,βουλευτικές,Α'  ΠΕΙΡΑΙΩΣ,2012
36-41,27710,βουλευτικές,Β'  ΠΕΙΡΑΙΩΣ,2012
36-41,29017,βουλευτικές,ΑΧΑΪΑΣ,2012
36-41,10849,βουλευτικές,ΒΟΙΩΤΙΑΣ,2012
36-41,3968,βουλευτικές,ΓΡΕΒΕΝΩΝ,2012
36-41,11361,βουλευτικές,ΔΡΑΜΑΣ,2012
36-41,18614,βουλευτικές,ΔΩΔΕΚΑΝΗΣΟΥ,2012
36-41,15769,βουλευτικές,ΕΒΡΟΥ,2012
36-41,20158,βουλευτικές,ΕΥΒΟΙΑΣ,2012
36-41,2560,βουλευτικές,ΕΥΡΥΤΑΝΙΑΣ,2012
36-41,3596,βουλευτικές,ΖΑΚΥΝΘΟΥ,2012
36-41,15977,βουλευτικές,ΗΛΕΙΑΣ,2012
36-41,14198,βουλευτικές,ΗΜΑΘΙΑΣ,2012
36-41,27966,βουλευτικές,ΗΡΑΚΛΕΙΟΥ,2012
36-41,5970,βουλευτικές,ΘΕΣΠΡΩΤΙΑΣ,2012
36-41,57428,βουλευτικές,Α'  ΘΕΣ/ΝΙΚΗΣ,2012
36-41,30733,βουλευτικές,Β'  ΘΕΣ/ΝΙΚΗΣ,2012
36-41,16422,βουλευτικές,ΙΩΑΝΝΙΝΩΝ,2012
36-41,14344,βουλευτικές,ΚΑΒΑΛΑΣ,2012
36-41,12832,βουλευτικές,ΚΑΡΔΙΤΣΗΣ,2012
36-41,5347,βουλευτικές,ΚΑΣΤΟΡΙΑΣ,2012
36-41,10262,βουλευτικές,ΚΕΡΚΥΡΑΣ,2012
36-41,4223,βουλευτικές,ΚΕΦΑΛΛΗΝΙΑΣ,2012
36-41,9764,βουλευτικές,ΚΙΛΚΙΣ,2012
36-41,15814,βουλευτικές,ΚΟΖΑΝΗΣ,2012
36-41,13382,βουλευτικές,ΚΟΡΙΝΘΙΑΣ,2012
36-41,11333,βουλευτικές,ΚΥΚΛΑΔΩΝ,2012
36-41,8965,βουλευτικές,ΛΑΚΩΝΙΑΣ,2012
36-41,25115,βουλευτικές,ΛΑΡΙΣΗΣ,2012
36-41,6524,βουλευτικές,ΛΑΣΙΘΙΟΥ,2012
36-41,10121,βουλευτικές,ΛΕΣΒΟΥ,2012
36-41,2476,βουλευτικές,ΛΕΥΚΑΔΟΣ,2012
36-41,16741,βουλευτικές,ΜΑΓΝΗΣΙΑΣ,2012
36-41,15718,βουλευτικές,ΜΕΣΣΗΝΙΑΣ,2012
36-41,12387,βουλευτικές,ΞΑΝΘΗΣ,2012
36-41,14492,βουλευτικές,ΠΕΛΛΗΣ,2012
36-41,13366,βουλευτικές,ΠΙΕΡΙΑΣ,2012
36-41,6696,βουλευτικές,ΠΡΕΒΕΖΗΣ,2012
36-41,7558,βουλευτικές,ΡΕΘΥΜΝΗΣ,2012
36-41,11918,βουλευτικές,ΡΟΔΟΠΗΣ,2012
36-41,4132,βουλευτικές,ΣΑΜΟΥ,2012
36-41,22640,βουλευτικές,ΣΕΡΡΩΝ,2012
36-41,15404,βουλευτικές,ΤΡΙΚΑΛΩΝ,2012
36-41,14317,βουλευτικές,ΦΘΙΩΤΙΔΟΣ,2012
36-41,5828,βουλευτικές,ΦΛΩΡΙΝΗΣ,2012
36-41,3623,βουλευτικές,ΦΩΚΙΔΟΣ,2012
36-41,10357,βουλευτικές,ΧΑΛΚΙΔΙΚΗΣ,2012
36-41,13812,βουλευτικές,ΧΑΝΙΩΝ,2012
36-41,5136,βουλευτικές,ΧΙΟΥ,2012
42-47,23834,βουλευτικές,ΑΙΤΩΛ/ΝΙΑΣ,2012
42-47,9302,βουλευτικές,ΑΡΓΟΛΙΔΟΣ,2012
42-47,10885,βουλευτικές,ΑΡΚΑΔΙΑΣ,2012
42-47,7957,βουλευτικές,ΑΡΤΗΣ,2012
42-47,44680,βουλευτικές,Α'ΑΘΗΝΩΝ,2012
42-47,163838,βουλευτικές,Β'ΑΘΗΝΩΝ,2012
42-47,49368,βουλευτικές,ΝΟΜΟΥ ΑΤΤΙΚΗΣ,2012
42-47,18888,βουλευτικές,Α'  ΠΕΙΡΑΙΩΣ,2012
42-47,27751,βουλευτικές,Β'  ΠΕΙΡΑΙΩΣ,2012
42-47,28844,βουλευτικές,ΑΧΑΪΑΣ,2012
42-47,10901,βουλευτικές,ΒΟΙΩΤΙΑΣ,2012
42-47,4147,βουλευτικές,ΓΡΕΒΕΝΩΝ,2012
42-47,12679,βουλευτικές,ΔΡΑΜΑΣ,2012
42-47,18311,βουλευτικές,ΔΩΔΕΚΑΝΗΣΟΥ,2012
42-47,16285,βουλευτικές,ΕΒΡΟΥ,2012
42-47,20207,βουλευτικές,ΕΥΒΟΙΑΣ,2012
42-47,2781,βουλευτικές,ΕΥΡΥΤΑΝΙΑΣ,2012
42-47,3986,βουλευτικές,ΖΑΚΥΝΘΟΥ,2012
42-47,16222,βουλευτικές,ΗΛΕΙΑΣ,2012
42-47,14279,βουλευτικές,ΗΜΑΘΙΑΣ,2012
42-47,26711,βουλευτικές,ΗΡΑΚΛΕΙΟΥ,2012
42-47,5676,βουλευτικές,ΘΕΣΠΡΩΤΙΑΣ,2012
42-47,59765,βουλευτικές,Α'  ΘΕΣ/ΝΙΚΗΣ,2012
42-47,32633,βουλευτικές,Β'  ΘΕΣ/ΝΙΚΗΣ,2012
42-47,16062,βουλευτικές,ΙΩΑΝΝΙΝΩΝ,2012
42-47,15228,βουλευτικές,ΚΑΒΑΛΑΣ,2012
42-47,12687,βουλευτικές,ΚΑΡΔΙΤΣΗΣ,2012
42-47,5971,βουλευτικές,ΚΑΣΤΟΡΙΑΣ,2012
42-47,10166,βουλευτικές,ΚΕΡΚΥΡΑΣ,2012
42-47,4808,βουλευτικές,ΚΕΦΑΛΛΗΝΙΑΣ,2012
42-47,11196,βουλευτικές,ΚΙΛΚΙΣ,2012
42-47,17331,βουλευτικές,ΚΟΖΑΝΗΣ,2012
42-47,13509,βουλευτικές,ΚΟΡΙΝΘΙΑΣ,2012
42-47,11379,βουλευτικές,ΚΥΚΛΑΔΩΝ,2012
42-47,10148,βουλευτικές,ΛΑΚΩΝΙΑΣ,2012
42-47,25788,βουλευτικές,ΛΑΡΙΣΗΣ,2012
42-47,6290,βουλευτικές,ΛΑΣΙΘΙΟΥ,2012
42-47,10855,βουλευτικές,ΛΕΣΒΟΥ,2012
42-47,2655,βουλευτικές,ΛΕΥΚΑΔΟΣ,2012
42-47,17858,βουλευτικές,ΜΑΓΝΗΣΙΑΣ,2012
42-47,17510,βουλευτικές,ΜΕΣΣΗΝΙΑΣ,2012
42-47,11866,βουλευτικές,ΞΑΝΘΗΣ,2012
42-47,15983,βουλευτικές,ΠΕΛΛΗΣ,2012
42-47,14388,βουλευτικές,ΠΙΕΡΙΑΣ,2012
42-47,6452,βουλευτικές,ΠΡΕΒΕΖΗΣ,2012
42-47,7021,βουλευτικές,ΡΕΘΥΜΝΗΣ,2012
42-47,11990,βουλευτικές,ΡΟΔΟΠΗΣ,2012
42-47,4196,βουλευτικές,ΣΑΜΟΥ,2012
42-47,23717,βουλευτικές,ΣΕΡΡΩΝ,2012
42-47,14672,βουλευτικές,ΤΡΙΚΑΛΩΝ,2012
42-47,15090,βουλευτικές,ΦΘΙΩΤΙΔΟΣ,2012
42-47,6974,βουλευτικές,ΦΛΩΡΙΝΗΣ,2012
42-47,3945,βουλευτικές,ΦΩΚΙΔΟΣ,2012
42-47,10891,βουλευτικές,ΧΑΛΚΙΔΙΚΗΣ,2012
42-47,14530,βουλευτικές,ΧΑΝΙΩΝ,2012
42-47,5444,βουλευτικές,ΧΙΟΥ,2012
48-53,22937,βουλευτικές,ΑΙΤΩΛ/ΝΙΑΣ,2012
48-53,8891,βουλευτικές,ΑΡΓΟΛΙΔΟΣ,2012
48-53,11328,βουλευτικές,ΑΡΚΑΔΙΑΣ,2012
48-53,7776,βουλευτικές,ΑΡΤΗΣ,2012
48-53,42675,βουλευτικές,Α'ΑΘΗΝΩΝ,2012
48-53,144943,βουλευτικές,Β'ΑΘΗΝΩΝ,2012
48-53,43900,βουλευτικές,ΝΟΜΟΥ ΑΤΤΙΚΗΣ,2012
48-53,18104,βουλευτικές,Α'  ΠΕΙΡΑΙΩΣ,2012
48-53,25676,βουλευτικές,Β'  ΠΕΙΡΑΙΩΣ,2012
48-53,26076,βουλευτικές,ΑΧΑΪΑΣ,2012
48-53,10085,βουλευτικές,ΒΟΙΩΤΙΑΣ,2012
48-53,4121,βουλευτικές,ΓΡΕΒΕΝΩΝ,2012
48-53,11693,βουλευτικές,ΔΡΑΜΑΣ,2012
48-53,16393,βουλευτικές,ΔΩΔΕΚΑΝΗΣΟΥ,2012
48-53,16086,βουλευτικές,ΕΒΡΟΥ,2012
48-53,18898,βουλευτικές,ΕΥΒΟΙΑΣ,2012
48-53,3120,βουλευτικές,ΕΥΡΥΤΑΝΙΑΣ,2012
48-53,4072,βουλευτικές,ΖΑΚΥΝΘΟΥ,2012
48-53,16416,βουλευτικές,ΗΛΕΙΑΣ,2012
48-53,12724,βουλευτικές,ΗΜΑΘΙΑΣ,2012
48-53,22527,βουλευτικές,ΗΡΑΚΛΕΙΟΥ,2012
48-53,5795,βουλευτικές,ΘΕΣΠΡΩΤΙΑΣ,2012
48-53,51627,βουλευτικές,Α'  ΘΕΣ/ΝΙΚΗΣ,2012
48-53,28357,βουλευτικές,Β'  ΘΕΣ/ΝΙΚΗΣ,2012
48-53,15175,βουλευτικές,ΙΩΑΝΝΙΝΩΝ,2012
48-53,13700,βουλευτικές,ΚΑΒΑΛΑΣ,2012
48-53,12713,βουλευτικές,ΚΑΡΔΙΤΣΗΣ,2012
48-53,6168,βουλευτικές,ΚΑΣΤΟΡΙΑΣ,2012
48-53,9892,βουλευτικές,ΚΕΡΚΥΡΑΣ,2012
48-53,4853,βουλευτικές,ΚΕΦΑΛΛΗΝΙΑΣ,2012
48-53,10808,βουλευτικές,ΚΙΛΚΙΣ,2012
48-53,16124,βουλευτικές,ΚΟΖΑΝΗΣ,2012
48-53,12728,βουλευτικές,ΚΟΡΙΝΘΙΑΣ,2012
48-53,10875,βουλευτικές,ΚΥΚΛΑΔΩΝ,2012
48-53,10502,βουλευτικές,ΛΑΚΩΝΙΑΣ,2012
48-53,23109,βουλευτικές,ΛΑΡΙΣΗΣ,2012
48-53,6065,βουλευτικές,ΛΑΣΙΘΙΟΥ,2012
48-53,9983,βουλευτικές,ΛΕΣΒΟΥ,2012
48-53,2746,βουλευτικές,ΛΕΥΚΑΔΟΣ,2012
48-53,16099,βουλευτικές,ΜΑΓΝΗΣΙΑΣ,2012
48-53,17673,βουλευτικές,ΜΕΣΣΗΝΙΑΣ,2012
48-53,11283,βουλευτικές,ΞΑΝΘΗΣ,2012
48-53,14979,βουλευτικές,ΠΕΛΛΗΣ,2012
48-53,13205,βουλευτικές,ΠΙΕΡΙΑΣ,2012
48-53,6391,βουλευτικές,ΠΡΕΒΕΖΗΣ,2012
48-53,6332,βουλευτικές,ΡΕΘΥΜΝΗΣ,2012
48-53,11554,βουλευτικές,ΡΟΔΟΠΗΣ,2012
48-53,4090,βουλευτικές,ΣΑΜΟΥ,2012
48-53,22710,βουλευτικές,ΣΕΡΡΩΝ,2012
48-53,13977,βουλευτικές,ΤΡΙΚΑΛΩΝ,2012
48-53,14049,βουλευτικές,ΦΘΙΩΤΙΔΟΣ,2012
48-53,7757,βουλευτικές,ΦΛΩΡΙΝΗΣ,2012
48-53,3801,βουλευτικές,ΦΩΚΙΔΟΣ,2012
48-53,9785,βουλευτικές,ΧΑΛΚΙΔΙΚΗΣ,2012
48-53,13323,βουλευτικές,ΧΑΝΙΩΝ,2012
48-53,5471,βουλευτικές,ΧΙΟΥ,2012
54-59,22224,βουλευτικές,ΑΙΤΩΛ/ΝΙΑΣ,2012
54-59,9132,βουλευτικές,ΑΡΓΟΛΙΔΟΣ,2012
54-59,11963,βουλευτικές,ΑΡΚΑΔΙΑΣ,2012
54-59,7976,βουλευτικές,ΑΡΤΗΣ,2012
54-59,42781,βουλευτικές,Α'ΑΘΗΝΩΝ,2012
54-59,131353,βουλευτικές,Β'ΑΘΗΝΩΝ,2012
54-59,40961,βουλευτικές,ΝΟΜΟΥ ΑΤΤΙΚΗΣ,2012
54-59,17650,βουλευτικές,Α'  ΠΕΙΡΑΙΩΣ,2012
54-59,24024,βουλευτικές,Β'  ΠΕΙΡΑΙΩΣ,2012
54-59,25417,βουλευτικές,ΑΧΑΪΑΣ,2012
54-59,9930,βουλευτικές,ΒΟΙΩΤΙΑΣ,2012
54-59,4197,βουλευτικές,ΓΡΕΒΕΝΩΝ,2012
54-59,10562,βουλευτικές,ΔΡΑΜΑΣ,2012
54-59,16050,βουλευτικές,ΔΩΔΕΚΑΝΗΣΟΥ,2012
54-59,15703,βουλευτικές,ΕΒΡΟΥ,2012
54-59,18355,βουλευτικές,ΕΥΒΟΙΑΣ,2012
54-59,3150,βουλευτικές,ΕΥΡΥΤΑΝΙΑΣ,2012
54-59,3917,βουλευτικές,ΖΑΚΥΝΘΟΥ,2012
54-59,16806,βουλευτικές,ΗΛΕΙΑΣ,2012
54-59,12660,βουλευτικές,ΗΜΑΘΙΑΣ,2012
54-59,21059,βουλευτικές,ΗΡΑΚΛΕΙΟΥ,2012
54-59,6253,βουλευτικές,ΘΕΣΠΡΩΤΙΑΣ,2012
54-59,46414,βουλευτικές,Α'  ΘΕΣ/ΝΙΚΗΣ,2012
54-59,25146,βουλευτικές,Β'  ΘΕΣ/ΝΙΚΗΣ,2012
54-59,16317,βουλευτικές,ΙΩΑΝΝΙΝΩΝ,2012
54-59,12527,βουλευτικές,ΚΑΒΑΛΑΣ,2012
54-59,12764,βουλευτικές,ΚΑΡΔΙΤΣΗΣ,2012
54-59,5781,βουλευτικές,ΚΑΣΤΟΡΙΑΣ,2012
54-59,9876,βουλευτικές,ΚΕΡΚΥΡΑΣ,2012
54-59,4828,βουλευτικές,ΚΕΦΑΛΛΗΝΙΑΣ,2012
54-59,9512,βουλευτικές,ΚΙΛΚΙΣ,2012
54-59,15377,βουλευτικές,ΚΟΖΑΝΗΣ,2012
54-59,12825,βουλευτικές,ΚΟΡΙΝΘΙΑΣ,2012
54-59,10584,βουλευτικές,ΚΥΚΛΑΔΩΝ,2012
54-59,10890,βουλευτικές,ΛΑΚΩΝΙΑΣ,2012
54-59,22396,βουλευτικές,ΛΑΡΙΣΗΣ,2012
54-59,5890,βουλευτικές,ΛΑΣΙΘΙΟΥ,2012
54-59,9774,βουλευτικές,ΛΕΣΒΟΥ,2012
54-59,2679,βουλευτικές,ΛΕΥΚΑΔΟΣ,2012
54-59,16016,βουλευτικές,ΜΑΓΝΗΣΙΑΣ,2012
54-59,18118,βουλευτικές,ΜΕΣΣΗΝΙΑΣ,2012
54-59,9973,βουλευτικές,ΞΑΝΘΗΣ,2012
54-59,13821,βουλευτικές,ΠΕΛΛΗΣ,2012
54-59,12336,βουλευτικές,ΠΙΕΡΙΑΣ,2012
54-59,6554,βουλευτικές,ΠΡΕΒΕΖΗΣ,2012
54-59,5755,βουλευτικές,ΡΕΘΥΜΝΗΣ,2012
54-59,10547,βουλευτικές,ΡΟΔΟΠΗΣ,2012
54-59,4110,βουλευτικές,ΣΑΜΟΥ,2012
54-59,22072,βουλευτικές,ΣΕΡΡΩΝ,2012
54-59,13994,βουλευτικές,ΤΡΙΚΑΛΩΝ,2012
54-59,14011,βουλευτικές,ΦΘΙΩΤΙΔΟΣ,2012
54-59,7720,βουλευτικές,ΦΛΩΡΙΝΗΣ,2012
54-59,3968,βουλευτικές,ΦΩΚΙΔΟΣ,2012
54-59,9448,βουλευτικές,ΧΑΛΚΙΔΙΚΗΣ,2012
54-59,12249,βουλευτικές,ΧΑΝΙΩΝ,2012
54-59,5583,βουλευτικές,ΧΙΟΥ,2012
60-65,20793,βουλευτικές,ΑΙΤΩΛ/ΝΙΑΣ,2012
60-65,8496,βουλευτικές,ΑΡΓΟΛΙΔΟΣ,2012
60-65,11958,βουλευτικές,ΑΡΚΑΔΙΑΣ,2012
60-65,7815,βουλευτικές,ΑΡΤΗΣ,2012
60-65,43468,βουλευτικές,Α'ΑΘΗΝΩΝ,2012
60-65,115638,βουλευτικές,Β'ΑΘΗΝΩΝ,2012
60-65,37769,βουλευτικές,ΝΟΜΟΥ ΑΤΤΙΚΗΣ,2012
60-65,17781,βουλευτικές,Α'  ΠΕΙΡΑΙΩΣ,2012
60-65,22163,βουλευτικές,Β'  ΠΕΙΡΑΙΩΣ,2012
60-65,23596,βουλευτικές,ΑΧΑΪΑΣ,2012
60-65,9316,βουλευτικές,ΒΟΙΩΤΙΑΣ,2012
60-65,3684,βουλευτικές,ΓΡΕΒΕΝΩΝ,2012
60-65,9341,βουλευτικές,ΔΡΑΜΑΣ,2012
60-65,18164,βουλευτικές,ΔΩΔΕΚΑΝΗΣΟΥ,2012
60-65,13255,βουλευτικές,ΕΒΡΟΥ,2012
60-65,17139,βουλευτικές,ΕΥΒΟΙΑΣ,2012
60-65,2658,βουλευτικές,ΕΥΡΥΤΑΝΙΑΣ,2012
60-65,3626,βουλευτικές,ΖΑΚΥΝΘΟΥ,2012
60-65,16391,βουλευτικές,ΗΛΕΙΑΣ,2012
60-65,12008,βουλευτικές,ΗΜΑΘΙΑΣ,2012
60-65,20658,βουλευτικές,ΗΡΑΚΛΕΙΟΥ,2012
60-65,5822,βουλευτικές,ΘΕΣΠΡΩΤΙΑΣ,2012
60-65,40677,βουλευτικές,Α'  ΘΕΣ/ΝΙΚΗΣ,2012
60-65,22756,βουλευτικές,Β'  ΘΕΣ/ΝΙΚΗΣ,2012
60-65,15803,βουλευτικές,ΙΩΑΝΝΙΝΩΝ,2012
60-65,12503,βουλευτικές,ΚΑΒΑΛΑΣ,2012
60-65,11920,βουλευτικές,ΚΑΡΔΙΤΣΗΣ,2012
60-65,4758,βουλευτικές,ΚΑΣΤΟΡΙΑΣ,2012
60-65,10114,βουλευτικές,ΚΕΡΚΥΡΑΣ,2012
60-65,4646,βουλευτικές,ΚΕΦΑΛΛΗΝΙΑΣ,2012
60-65,7868,βουλευτικές,ΚΙΛΚΙΣ,2012
60-65,12820,βουλευτικές,ΚΟΖΑΝΗΣ,2012
60-65,12876,βουλευτικές,ΚΟΡΙΝΘΙΑΣ,2012
60-65,10619,βουλευτικές,ΚΥΚΛΑΔΩΝ,2012
60-65,11227,βουλευτικές,ΛΑΚΩΝΙΑΣ,2012
60-65,20295,βουλευτικές,ΛΑΡΙΣΗΣ,2012
60-65,5803,βουλευτικές,ΛΑΣΙΘΙΟΥ,2012
60-65,10819,βουλευτικές,ΛΕΣΒΟΥ,2012
60-65,2666,βουλευτικές,ΛΕΥΚΑΔΟΣ,2012
60-65,14776,βουλευτικές,ΜΑΓΝΗΣΙΑΣ,2012
60-65,18263,βουλευτικές,ΜΕΣΣΗΝΙΑΣ,2012
60-65,9012,βουλευτικές,ΞΑΝΘΗΣ,2012
60-65,11640,βουλευτικές,ΠΕΛΛΗΣ,2012
60-65,10233,βουλευτικές,ΠΙΕΡΙΑΣ,2012
60-65,6569,βουλευτικές,ΠΡΕΒΕΖΗΣ,2012
60-65,5695,βουλευτικές,ΡΕΘΥΜΝΗΣ,2012
60-65,9869,βουλευτικές,ΡΟΔΟΠΗΣ,2012
60-65,4594,βουλευτικές,ΣΑΜΟΥ,2012
60-65,20356,βουλευτικές,ΣΕΡΡΩΝ,2012
60-65,13753,βουλευτικές,ΤΡΙΚΑΛΩΝ,2012
60-65,12316,βουλευτικές,ΦΘΙΩΤΙΔΟΣ,2012
60-65,7632,βουλευτικές,ΦΛΩΡΙΝΗΣ,2012
60-65,3961,βουλευτικές,ΦΩΚΙΔΟΣ,2012
60-65,9154,βουλευτικές,ΧΑΛΚΙΔΙΚΗΣ,2012
60-65,11681,βουλευτικές,ΧΑΝΙΩΝ,2012
60-65,5583,βουλευτικές,ΧΙΟΥ,2012
66-70,14273,βουλευτικές,ΑΙΤΩΛ/ΝΙΑΣ,2012
66-70,6244,βουλευτικές,ΑΡΓΟΛΙΔΟΣ,2012
66-70,9543,βουλευτικές,ΑΡΚΑΔΙΑΣ,2012
66-70,5537,βουλευτικές,ΑΡΤΗΣ,2012
66-70,33116,βουλευτικές,Α'ΑΘΗΝΩΝ,2012
66-70,81800,βουλευτικές,Β'ΑΘΗΝΩΝ,2012
66-70,27165,βουλευτικές,ΝΟΜΟΥ ΑΤΤΙΚΗΣ,2012
66-70,13293,βουλευτικές,Α'  ΠΕΙΡΑΙΩΣ,2012
66-70,16345,βουλευτικές,Β'  ΠΕΙΡΑΙΩΣ,2012
66-70,15672,βουλευτικές,ΑΧΑΪΑΣ,2012
66-70,7468,βουλευτικές,ΒΟΙΩΤΙΑΣ,2012
66-70,3092,βουλευτικές,ΓΡΕΒΕΝΩΝ,2012
66-70,6272,βουλευτικές,ΔΡΑΜΑΣ,2012
66-70,12482,βουλευτικές,ΔΩΔΕΚΑΝΗΣΟΥ,2012
66-70,11243,βουλευτικές,ΕΒΡΟΥ,2012
66-70,13482,βουλευτικές,ΕΥΒΟΙΑΣ,2012
66-70,2217,βουλευτικές,ΕΥΡΥΤΑΝΙΑΣ,2012
66-70,2388,βουλευτικές,ΖΑΚΥΝΘΟΥ,2012
66-70,11093,βουλευτικές,ΗΛΕΙΑΣ,2012
66-70,9265,βουλευτικές,ΗΜΑΘΙΑΣ,2012
66-70,14937,βουλευτικές,ΗΡΑΚΛΕΙΟΥ,2012
66-70,3776,βουλευτικές,ΘΕΣΠΡΩΤΙΑΣ,2012
66-70,28799,βουλευτικές,Α'  ΘΕΣ/ΝΙΚΗΣ,2012
66-70,18038,βουλευτικές,Β'  ΘΕΣ/ΝΙΚΗΣ,2012
66-70,11882,βουλευτικές,ΙΩΑΝΝΙΝΩΝ,2012
66-70,8574,βουλευτικές,ΚΑΒΑΛΑΣ,2012
66-70,9979,βουλευτικές,ΚΑΡΔΙΤΣΗΣ,2012
66-70,4309,βουλευτικές,ΚΑΣΤΟΡΙΑΣ,2012
66-70,6754,βουλευτικές,ΚΕΡΚΥΡΑΣ,2012
66-70,3554,βουλευτικές,ΚΕΦΑΛΛΗΝΙΑΣ,2012
66-70,7077,βουλευτικές,ΚΙΛΚΙΣ,2012
66-70,10092,βουλευτικές,ΚΟΖΑΝΗΣ,2012
66-70,9682,βουλευτικές,ΚΟΡΙΝΘΙΑΣ,2012
66-70,8374,βουλευτικές,ΚΥΚΛΑΔΩΝ,2012
66-70,9798,βουλευτικές,ΛΑΚΩΝΙΑΣ,2012
66-70,16008,βουλευτικές,ΛΑΡΙΣΗΣ,2012
66-70,4366,βουλευτικές,ΛΑΣΙΘΙΟΥ,2012
66-70,9551,βουλευτικές,ΛΕΣΒΟΥ,2012
66-70,1978,βουλευτικές,ΛΕΥΚΑΔΟΣ,2012
66-70,11557,βουλευτικές,ΜΑΓΝΗΣΙΑΣ,2012
66-70,13676,βουλευτικές,ΜΕΣΣΗΝΙΑΣ,2012
66-70,5872,βουλευτικές,ΞΑΝΘΗΣ,2012
66-70,9944,βουλευτικές,ΠΕΛΛΗΣ,2012
66-70,8455,βουλευτικές,ΠΙΕΡΙΑΣ,2012
66-70,4399,βουλευτικές,ΠΡΕΒΕΖΗΣ,2012
66-70,4150,βουλευτικές,ΡΕΘΥΜΝΗΣ,2012
66-70,7779,βουλευτικές,ΡΟΔΟΠΗΣ,2012
66-70,3620,βουλευτικές,ΣΑΜΟΥ,2012
66-70,15073,βουλευτικές,ΣΕΡΡΩΝ,2012
66-70,10604,βουλευτικές,ΤΡΙΚΑΛΩΝ,2012
66-70,10549,βουλευτικές,ΦΘΙΩΤΙΔΟΣ,2012
66-70,6885,βουλευτικές,ΦΛΩΡΙΝΗΣ,2012
66-70,3150,βουλευτικές,ΦΩΚΙΔΟΣ,2012
66-70,7616,βουλευτικές,ΧΑΛΚΙΔΙΚΗΣ,2012
66-70,8373,βουλευτικές,ΧΑΝΙΩΝ,2012
66-70,4191,βουλευτικές,ΧΙΟΥ,2012
71+,51892,βουλευτικές,ΑΙΤΩΛ/ΝΙΑΣ,2012
71+,20965,βουλευτικές,ΑΡΓΟΛΙΔΟΣ,2012
71+,41801,βουλευτικές,ΑΡΚΑΔΙΑΣ,2012
71+,18263,βουλευτικές,ΑΡΤΗΣ,2012
71+,138818,βουλευτικές,Α'ΑΘΗΝΩΝ,2012
71+,277905,βουλευτικές,Β'ΑΘΗΝΩΝ,2012
71+,72071,βουλευτικές,ΝΟΜΟΥ ΑΤΤΙΚΗΣ,2012
71+,54481,βουλευτικές,Α'  ΠΕΙΡΑΙΩΣ,2012
71+,61941,βουλευτικές,Β'  ΠΕΙΡΑΙΩΣ,2012
71+,53474,βουλευτικές,ΑΧΑΪΑΣ,2012
71+,24051,βουλευτικές,ΒΟΙΩΤΙΑΣ,2012
71+,11474,βουλευτικές,ΓΡΕΒΕΝΩΝ,2012
71+,27242,βουλευτικές,ΔΡΑΜΑΣ,2012
71+,34212,βουλευτικές,ΔΩΔΕΚΑΝΗΣΟΥ,2012
71+,36421,βουλευτικές,ΕΒΡΟΥ,2012
71+,45260,βουλευτικές,ΕΥΒΟΙΑΣ,2012
71+,9753,βουλευτικές,ΕΥΡΥΤΑΝΙΑΣ,2012
71+,11287,βουλευτικές,ΖΑΚΥΝΘΟΥ,2012
71+,41016,βουλευτικές,ΗΛΕΙΑΣ,2012
71+,26022,βουλευτικές,ΗΜΑΘΙΑΣ,2012
71+,45546,βουλευτικές,ΗΡΑΚΛΕΙΟΥ,2012
71+,11915,βουλευτικές,ΘΕΣΠΡΩΤΙΑΣ,2012
71+,93658,βουλευτικές,Α'  ΘΕΣ/ΝΙΚΗΣ,2012
71+,48965,βουλευτικές,Β'  ΘΕΣ/ΝΙΚΗΣ,2012
71+,40463,βουλευτικές,ΙΩΑΝΝΙΝΩΝ,2012
71+,34334,βουλευτικές,ΚΑΒΑΛΑΣ,2012
71+,32331,βουλευτικές,ΚΑΡΔΙΤΣΗΣ,2012
71+,17718,βουλευτικές,ΚΑΣΤΟΡΙΑΣ,2012
71+,27101,βουλευτικές,ΚΕΡΚΥΡΑΣ,2012
71+,18891,βουλευτικές,ΚΕΦΑΛΛΗΝΙΑΣ,2012
71+,25604,βουλευτικές,ΚΙΛΚΙΣ,2012
71+,37279,βουλευτικές,ΚΟΖΑΝΗΣ,2012
71+,33179,βουλευτικές,ΚΟΡΙΝΘΙΑΣ,2012
71+,32174,βουλευτικές,ΚΥΚΛΑΔΩΝ,2012
71+,46967,βουλευτικές,ΛΑΚΩΝΙΑΣ,2012
71+,52744,βουλευτικές,ΛΑΡΙΣΗΣ,2012
71+,16195,βουλευτικές,ΛΑΣΙΘΙΟΥ,2012
71+,46698,βουλευτικές,ΛΕΣΒΟΥ,2012
71+,8026,βουλευτικές,ΛΕΥΚΑΔΟΣ,2012
71+,39433,βουλευτικές,ΜΑΓΝΗΣΙΑΣ,2012
71+,59287,βουλευτικές,ΜΕΣΣΗΝΙΑΣ,2012
71+,18955,βουλευτικές,ΞΑΝΘΗΣ,2012
71+,30865,βουλευτικές,ΠΕΛΛΗΣ,2012
71+,26068,βουλευτικές,ΠΙΕΡΙΑΣ,2012
71+,12914,βουλευτικές,ΠΡΕΒΕΖΗΣ,2012
71+,14503,βουλευτικές,ΡΕΘΥΜΝΗΣ,2012
71+,22128,βουλευτικές,ΡΟΔΟΠΗΣ,2012
71+,16696,βουλευτικές,ΣΑΜΟΥ,2012
71+,54433,βουλευτικές,ΣΕΡΡΩΝ,2012
71+,31730,βουλευτικές,ΤΡΙΚΑΛΩΝ,2012
71+,36468,βουλευτικές,ΦΘΙΩΤΙΔΟΣ,2012
71+,32494,βουλευτικές,ΦΛΩΡΙΝΗΣ,2012
71+,13635,βουλευτικές,ΦΩΚΙΔΟΣ,2012
71+,20704,βουλευτικές,ΧΑΛΚΙΔΙΚΗΣ,2012
71+,30367,βουλευτικές,ΧΑΝΙΩΝ,2012
71+,19489,βουλευτικές,ΧΙΟΥ,2012
18-23,17987,τοπικής αυτοδιοίκηςη,ΑΙΤΩΛ/ΝΙΑΣ,2014
18-23,6327,τοπικής αυτοδιοίκηςη,ΑΡΓΟΛΙΔΟΣ,2014
18-23,6933,τοπικής αυτοδιοίκηςη,ΑΡΚΑΔΙΑΣ,2014
18-23,5491,τοπικής αυτοδιοίκηςη,ΑΡΤΗΣ,2014
18-23,23785,τοπικής αυτοδιοίκηςη,Α'ΑΘΗΝΩΝ,2014
18-23,96496,τοπικής αυτοδιοίκηςη,Β'ΑΘΗΝΩΝ,2014
18-23,35286,τοπικής αυτοδιοίκηςη,ΝΟΜΟΥ ΑΤΤΙΚΗΣ,2014
18-23,11109,τοπικής αυτοδιοίκηςη,Α'  ΠΕΙΡΑΙΩΣ,2014
18-23,17695,τοπικής αυτοδιοίκηςη,Β'  ΠΕΙΡΑΙΩΣ,2014
18-23,20538,τοπικής αυτοδιοίκηςη,ΑΧΑΪΑΣ,2014
18-23,7169,τοπικής αυτοδιοίκηςη,ΒΟΙΩΤΙΑΣ,2014
18-23,2722,τοπικής αυτοδιοίκηςη,ΓΡΕΒΕΝΩΝ,2014
18-23,9108,τοπικής αυτοδιοίκηςη,ΔΡΑΜΑΣ,2014
18-23,14151,τοπικής αυτοδιοίκηςη,ΔΩΔΕΚΑΝΗΣΟΥ,2014
18-23,11630,τοπικής αυτοδιοίκηςη,ΕΒΡΟΥ,2014
18-23,13785,τοπικής αυτοδιοίκηςη,ΕΥΒΟΙΑΣ,2014
18-23,1811,τοπικής αυτοδιοίκηςη,ΕΥΡΥΤΑΝΙΑΣ,2014
18-23,2779,τοπικής αυτοδιοίκηςη,ΖΑΚΥΝΘΟΥ,2014
18-23,11945,τοπικής αυτοδιοίκηςη,ΗΛΕΙΑΣ,2014
18-23,10165,τοπικής αυτοδιοίκηςη,ΗΜΑΘΙΑΣ,2014
18-23,19645,τοπικής αυτοδιοίκηςη,ΗΡΑΚΛΕΙΟΥ,2014
18-23,4262,τοπικής αυτοδιοίκηςη,ΘΕΣΠΡΩΤΙΑΣ,2014
18-23,36739,τοπικής αυτοδιοίκηςη,Α'  ΘΕΣ/ΝΙΚΗΣ,2014
18-23,22597,τοπικής αυτοδιοίκηςη,Β'  ΘΕΣ/ΝΙΚΗΣ,2014
18-23,10405,τοπικής αυτοδιοίκηςη,ΙΩΑΝΝΙΝΩΝ,2014
18-23,10335,τοπικής αυτοδιοίκηςη,ΚΑΒΑΛΑΣ,2014
18-23,9167,τοπικής αυτοδιοίκηςη,ΚΑΡΔΙΤΣΗΣ,2014
18-23,3500,τοπικής αυτοδιοίκηςη,ΚΑΣΤΟΡΙΑΣ,2014
18-23,6604,τοπικής αυτοδιοίκηςη,ΚΕΡΚΥΡΑΣ,2014
18-23,2888,τοπικής αυτοδιοίκηςη,ΚΕΦΑΛΛΗΝΙΑΣ,2014
18-23,7765,τοπικής αυτοδιοίκηςη,ΚΙΛΚΙΣ,2014
18-23,11438,τοπικής αυτοδιοίκηςη,ΚΟΖΑΝΗΣ,2014
18-23,8695,τοπικής αυτοδιοίκηςη,ΚΟΡΙΝΘΙΑΣ,2014
18-23,8337,τοπικής αυτοδιοίκηςη,ΚΥΚΛΑΔΩΝ,2014
18-23,5692,τοπικής αυτοδιοίκηςη,ΛΑΚΩΝΙΑΣ,2014
18-23,18474,τοπικής αυτοδιοίκηςη,ΛΑΡΙΣΗΣ,2014
18-23,4954,τοπικής αυτοδιοίκηςη,ΛΑΣΙΘΙΟΥ,2014
18-23,7117,τοπικής αυτοδιοίκηςη,ΛΕΣΒΟΥ,2014
18-23,1653,τοπικής αυτοδιοίκηςη,ΛΕΥΚΑΔΟΣ,2014
18-23,12089,τοπικής αυτοδιοίκηςη,ΜΑΓΝΗΣΙΑΣ,2014
18-23,11082,τοπικής αυτοδιοίκηςη,ΜΕΣΣΗΝΙΑΣ,2014
18-23,10487,τοπικής αυτοδιοίκηςη,ΞΑΝΘΗΣ,2014
18-23,11262,τοπικής αυτοδιοίκηςη,ΠΕΛΛΗΣ,2014
18-23,10099,τοπικής αυτοδιοίκηςη,ΠΙΕΡΙΑΣ,2014
18-23,4858,τοπικής αυτοδιοίκηςη,ΠΡΕΒΕΖΗΣ,2014
18-23,5889,τοπικής αυτοδιοίκηςη,ΡΕΘΥΜΝΗΣ,2014
18-23,9209,τοπικής αυτοδιοίκηςη,ΡΟΔΟΠΗΣ,2014
18-23,2760,τοπικής αυτοδιοίκηςη,ΣΑΜΟΥ,2014
18-23,16639,τοπικής αυτοδιοίκηςη,ΣΕΡΡΩΝ,2014
18-23,10498,τοπικής αυτοδιοίκηςη,ΤΡΙΚΑΛΩΝ,2014
18-23,9965,τοπικής αυτοδιοίκηςη,ΦΘΙΩΤΙΔΟΣ,2014
18-23,4270,τοπικής αυτοδιοίκηςη,ΦΛΩΡΙΝΗΣ,2014
18-23,2558,τοπικής αυτοδιοίκηςη,ΦΩΚΙΔΟΣ,2014
18-23,7628,τοπικής αυτοδιοίκηςη,ΧΑΛΚΙΔΙΚΗΣ,2014
18-23,10266,τοπικής αυτοδιοίκηςη,ΧΑΝΙΩΝ,2014
18-23,3511,τοπικής αυτοδιοίκηςη,ΧΙΟΥ,2014
24-29,19773,τοπικής αυτοδιοίκηςη,ΑΙΤΩΛ/ΝΙΑΣ,2014
24-29,7324,τοπικής αυτοδιοίκηςη,ΑΡΓΟΛΙΔΟΣ,2014
24-29,7693,τοπικής αυτοδιοίκηςη,ΑΡΚΑΔΙΑΣ,2014
24-29,6196,τοπικής αυτοδιοίκηςη,ΑΡΤΗΣ,2014
24-29,27771,τοπικής αυτοδιοίκηςη,Α'ΑΘΗΝΩΝ,2014
24-29,100966,τοπικής αυτοδιοίκηςη,Β'ΑΘΗΝΩΝ,2014
24-29,36959,τοπικής αυτοδιοίκηςη,ΝΟΜΟΥ ΑΤΤΙΚΗΣ,2014
24-29,12929,τοπικής αυτοδιοίκηςη,Α'  ΠΕΙΡΑΙΩΣ,2014
24-29,19565,τοπικής αυτοδιοίκηςη,Β'  ΠΕΙΡΑΙΩΣ,2014
24-29,22898,τοπικής αυτοδιοίκηςη,ΑΧΑΪΑΣ,2014
24-29,8202,τοπικής αυτοδιοίκηςη,ΒΟΙΩΤΙΑΣ,2014
24-29,2865,τοπικής αυτοδιοίκηςη,ΓΡΕΒΕΝΩΝ,2014
24-29,8977,τοπικής αυτοδιοίκηςη,ΔΡΑΜΑΣ,2014
24-29,14638,τοπικής αυτοδιοίκηςη,ΔΩΔΕΚΑΝΗΣΟΥ,2014
24-29,12194,τοπικής αυτοδιοίκηςη,ΕΒΡΟΥ,2014
24-29,15523,τοπικής αυτοδιοίκηςη,ΕΥΒΟΙΑΣ,2014
24-29,2140,τοπικής αυτοδιοίκηςη,ΕΥΡΥΤΑΝΙΑΣ,2014
24-29,2957,τοπικής αυτοδιοίκηςη,ΖΑΚΥΝΘΟΥ,2014
24-29,13544,τοπικής αυτοδιοίκηςη,ΗΛΕΙΑΣ,2014
24-29,10699,τοπικής αυτοδιοίκηςη,ΗΜΑΘΙΑΣ,2014
24-29,21383,τοπικής αυτοδιοίκηςη,ΗΡΑΚΛΕΙΟΥ,2014
24-29,4698,τοπικής αυτοδιοίκηςη,ΘΕΣΠΡΩΤΙΑΣ,2014
24-29,39330,τοπικής αυτοδιοίκηςη,Α'  ΘΕΣ/ΝΙΚΗΣ,2014
24-29,21835,τοπικής αυτοδιοίκηςη,Β'  ΘΕΣ/ΝΙΚΗΣ,2014
24-29,12009,τοπικής αυτοδιοίκηςη,ΙΩΑΝΝΙΝΩΝ,2014
24-29,10412,τοπικής αυτοδιοίκηςη,ΚΑΒΑΛΑΣ,2014
24-29,10347,τοπικής αυτοδιοίκηςη,ΚΑΡΔΙΤΣΗΣ,2014
24-29,4047,τοπικής αυτοδιοίκηςη,ΚΑΣΤΟΡΙΑΣ,2014
24-29,7716,τοπικής αυτοδιοίκηςη,ΚΕΡΚΥΡΑΣ,2014
24-29,3308,τοπικής αυτοδιοίκηςη,ΚΕΦΑΛΛΗΝΙΑΣ,2014
24-29,7732,τοπικής αυτοδιοίκηςη,ΚΙΛΚΙΣ,2014
24-29,12649,τοπικής αυτοδιοίκηςη,ΚΟΖΑΝΗΣ,2014
24-29,9671,τοπικής αυτοδιοίκηςη,ΚΟΡΙΝΘΙΑΣ,2014
24-29,8743,τοπικής αυτοδιοίκηςη,ΚΥΚΛΑΔΩΝ,2014
24-29,6634,τοπικής αυτοδιοίκηςη,ΛΑΚΩΝΙΑΣ,2014
24-29,19834,τοπικής αυτοδιοίκηςη,ΛΑΡΙΣΗΣ,2014
24-29,5366,τοπικής αυτοδιοίκηςη,ΛΑΣΙΘΙΟΥ,2014
24-29,7423,τοπικής αυτοδιοίκηςη,ΛΕΣΒΟΥ,2014
24-29,2030,τοπικής αυτοδιοίκηςη,ΛΕΥΚΑΔΟΣ,2014
24-29,13548,τοπικής αυτοδιοίκηςη,ΜΑΓΝΗΣΙΑΣ,2014
24-29,13190,τοπικής αυτοδιοίκηςη,ΜΕΣΣΗΝΙΑΣ,2014
24-29,11100,τοπικής αυτοδιοίκηςη,ΞΑΝΘΗΣ,2014
24-29,11825,τοπικής αυτοδιοίκηςη,ΠΕΛΛΗΣ,2014
24-29,10252,τοπικής αυτοδιοίκηςη,ΠΙΕΡΙΑΣ,2014
24-29,5250,τοπικής αυτοδιοίκηςη,ΠΡΕΒΕΖΗΣ,2014
24-29,5896,τοπικής αυτοδιοίκηςη,ΡΕΘΥΜΝΗΣ,2014
24-29,9980,τοπικής αυτοδιοίκηςη,ΡΟΔΟΠΗΣ,2014
24-29,3066,τοπικής αυτοδιοίκηςη,ΣΑΜΟΥ,2014
24-29,17341,τοπικής αυτοδιοίκηςη,ΣΕΡΡΩΝ,2014
24-29,11407,τοπικής αυτοδιοίκηςη,ΤΡΙΚΑΛΩΝ,2014
24-29,11190,τοπικής αυτοδιοίκηςη,ΦΘΙΩΤΙΔΟΣ,2014
24-29,4580,τοπικής αυτοδιοίκηςη,ΦΛΩΡΙΝΗΣ,2014
24-29,2937,τοπικής αυτοδιοίκηςη,ΦΩΚΙΔΟΣ,2014
24-29,7792,τοπικής αυτοδιοίκηςη,ΧΑΛΚΙΔΙΚΗΣ,2014
24-29,11057,τοπικής αυτοδιοίκηςη,ΧΑΝΙΩΝ,2014
24-29,4048,τοπικής αυτοδιοίκηςη,ΧΙΟΥ,2014
30-35,23173,τοπικής αυτοδιοίκηςη,ΑΙΤΩΛ/ΝΙΑΣ,2014
30-35,8877,τοπικής αυτοδιοίκηςη,ΑΡΓΟΛΙΔΟΣ,2014
30-35,9402,τοπικής αυτοδιοίκηςη,ΑΡΚΑΔΙΑΣ,2014
30-35,7498,τοπικής αυτοδιοίκηςη,ΑΡΤΗΣ,2014
30-35,36580,τοπικής αυτοδιοίκηςη,Α'ΑΘΗΝΩΝ,2014
30-35,134525,τοπικής αυτοδιοίκηςη,Β'ΑΘΗΝΩΝ,2014
30-35,47548,τοπικής αυτοδιοίκηςη,ΝΟΜΟΥ ΑΤΤΙΚΗΣ,2014
30-35,16788,τοπικής αυτοδιοίκηςη,Α'  ΠΕΙΡΑΙΩΣ,2014
30-35,26035,τοπικής αυτοδιοίκηςη,Β'  ΠΕΙΡΑΙΩΣ,2014
30-35,28902,τοπικής αυτοδιοίκηςη,ΑΧΑΪΑΣ,2014
30-35,10287,τοπικής αυτοδιοίκηςη,ΒΟΙΩΤΙΑΣ,2014
30-35,3475,τοπικής αυτοδιοίκηςη,ΓΡΕΒΕΝΩΝ,2014
30-35,10572,τοπικής αυτοδιοίκηςη,ΔΡΑΜΑΣ,2014
30-35,17643,τοπικής αυτοδιοίκηςη,ΔΩΔΕΚΑΝΗΣΟΥ,2014
30-35,14917,τοπικής αυτοδιοίκηςη,ΕΒΡΟΥ,2014
30-35,19491,τοπικής αυτοδιοίκηςη,ΕΥΒΟΙΑΣ,2014
30-35,2367,τοπικής αυτοδιοίκηςη,ΕΥΡΥΤΑΝΙΑΣ,2014
30-35,3578,τοπικής αυτοδιοίκηςη,ΖΑΚΥΝΘΟΥ,2014
30-35,15835,τοπικής αυτοδιοίκηςη,ΗΛΕΙΑΣ,2014
30-35,13134,τοπικής αυτοδιοίκηςη,ΗΜΑΘΙΑΣ,2014
30-35,26656,τοπικής αυτοδιοίκηςη,ΗΡΑΚΛΕΙΟΥ,2014
30-35,5954,τοπικής αυτοδιοίκηςη,ΘΕΣΠΡΩΤΙΑΣ,2014
30-35,51365,τοπικής αυτοδιοίκηςη,Α'  ΘΕΣ/ΝΙΚΗΣ,2014
30-35,27473,τοπικής αυτοδιοίκηςη,Β'  ΘΕΣ/ΝΙΚΗΣ,2014
30-35,16252,τοπικής αυτοδιοίκηςη,ΙΩΑΝΝΙΝΩΝ,2014
30-35,12574,τοπικής αυτοδιοίκηςη,ΚΑΒΑΛΑΣ,2014
30-35,12169,τοπικής αυτοδιοίκηςη,ΚΑΡΔΙΤΣΗΣ,2014
30-35,4934,τοπικής αυτοδιοίκηςη,ΚΑΣΤΟΡΙΑΣ,2014
30-35,9751,τοπικής αυτοδιοίκηςη,ΚΕΡΚΥΡΑΣ,2014
30-35,3912,τοπικής αυτοδιοίκηςη,ΚΕΦΑΛΛΗΝΙΑΣ,2014
30-35,8829,τοπικής αυτοδιοίκηςη,ΚΙΛΚΙΣ,2014
30-35,15115,τοπικής αυτοδιοίκηςη,ΚΟΖΑΝΗΣ,2014
30-35,12436,τοπικής αυτοδιοίκηςη,ΚΟΡΙΝΘΙΑΣ,2014
30-35,10713,τοπικής αυτοδιοίκηςη,ΚΥΚΛΑΔΩΝ,2014
30-35,8372,τοπικής αυτοδιοίκηςη,ΛΑΚΩΝΙΑΣ,2014
30-35,24552,τοπικής αυτοδιοίκηςη,ΛΑΡΙΣΗΣ,2014
30-35,6501,τοπικής αυτοδιοίκηςη,ΛΑΣΙΘΙΟΥ,2014
30-35,9101,τοπικής αυτοδιοίκηςη,ΛΕΣΒΟΥ,2014
30-35,2391,τοπικής αυτοδιοίκηςη,ΛΕΥΚΑΔΟΣ,2014
30-35,17052,τοπικής αυτοδιοίκηςη,ΜΑΓΝΗΣΙΑΣ,2014
30-35,16026,τοπικής αυτοδιοίκηςη,ΜΕΣΣΗΝΙΑΣ,2014
30-35,12316,τοπικής αυτοδιοίκηςη,ΞΑΝΘΗΣ,2014
30-35,13431,τοπικής αυτοδιοίκηςη,ΠΕΛΛΗΣ,2014
30-35,11744,τοπικής αυτοδιοίκηςη,ΠΙΕΡΙΑΣ,2014
30-35,6539,τοπικής αυτοδιοίκηςη,ΠΡΕΒΕΖΗΣ,2014
30-35,7377,τοπικής αυτοδιοίκηςη,ΡΕΘΥΜΝΗΣ,2014
30-35,11720,τοπικής αυτοδιοίκηςη,ΡΟΔΟΠΗΣ,2014
30-35,3866,τοπικής αυτοδιοίκηςη,ΣΑΜΟΥ,2014
30-35,20005,τοπικής αυτοδιοίκηςη,ΣΕΡΡΩΝ,2014
30-35,14087,τοπικής αυτοδιοίκηςη,ΤΡΙΚΑΛΩΝ,2014
30-35,13682,τοπικής αυτοδιοίκηςη,ΦΘΙΩΤΙΔΟΣ,2014
30-35,5516,τοπικής αυτοδιοίκηςη,ΦΛΩΡΙΝΗΣ,2014
30-35,3584,τοπικής αυτοδιοίκηςη,ΦΩΚΙΔΟΣ,2014
30-35,9541,τοπικής αυτοδιοίκηςη,ΧΑΛΚΙΔΙΚΗΣ,2014
30-35,13466,τοπικής αυτοδιοίκηςη,ΧΑΝΙΩΝ,2014
30-35,5129,τοπικής αυτοδιοίκηςη,ΧΙΟΥ,2014
36-41,23144,τοπικής αυτοδιοίκηςη,ΑΙΤΩΛ/ΝΙΑΣ,2014
36-41,9138,τοπικής αυτοδιοίκηςη,ΑΡΓΟΛΙΔΟΣ,2014
36-41,9582,τοπικής αυτοδιοίκηςη,ΑΡΚΑΔΙΑΣ,2014
36-41,7509,τοπικής αυτοδιοίκηςη,ΑΡΤΗΣ,2014
36-41,42217,τοπικής αυτοδιοίκηςη,Α'ΑΘΗΝΩΝ,2014
36-41,154951,τοπικής αυτοδιοίκηςη,Β'ΑΘΗΝΩΝ,2014
36-41,52791,τοπικής αυτοδιοίκηςη,ΝΟΜΟΥ ΑΤΤΙΚΗΣ,2014
36-41,18608,τοπικής αυτοδιοίκηςη,Α'  ΠΕΙΡΑΙΩΣ,2014
36-41,28076,τοπικής αυτοδιοίκηςη,Β'  ΠΕΙΡΑΙΩΣ,2014
36-41,29367,τοπικής αυτοδιοίκηςη,ΑΧΑΪΑΣ,2014
36-41,10979,τοπικής αυτοδιοίκηςη,ΒΟΙΩΤΙΑΣ,2014
36-41,3807,τοπικής αυτοδιοίκηςη,ΓΡΕΒΕΝΩΝ,2014
36-41,10866,τοπικής αυτοδιοίκηςη,ΔΡΑΜΑΣ,2014
36-41,18502,τοπικής αυτοδιοίκηςη,ΔΩΔΕΚΑΝΗΣΟΥ,2014
36-41,15426,τοπικής αυτοδιοίκηςη,ΕΒΡΟΥ,2014
36-41,19947,τοπικής αυτοδιοίκηςη,ΕΥΒΟΙΑΣ,2014
36-41,2446,τοπικής αυτοδιοίκηςη,ΕΥΡΥΤΑΝΙΑΣ,2014
36-41,3719,τοπικής αυτοδιοίκηςη,ΖΑΚΥΝΘΟΥ,2014
36-41,15679,τοπικής αυτοδιοίκηςη,ΗΛΕΙΑΣ,2014
36-41,14219,τοπικής αυτοδιοίκηςη,ΗΜΑΘΙΑΣ,2014
36-41,28343,τοπικής αυτοδιοίκηςη,ΗΡΑΚΛΕΙΟΥ,2014
36-41,6037,τοπικής αυτοδιοίκηςη,ΘΕΣΠΡΩΤΙΑΣ,2014
36-41,57205,τοπικής αυτοδιοίκηςη,Α'  ΘΕΣ/ΝΙΚΗΣ,2014
36-41,30881,τοπικής αυτοδιοίκηςη,Β'  ΘΕΣ/ΝΙΚΗΣ,2014
36-41,16670,τοπικής αυτοδιοίκηςη,ΙΩΑΝΝΙΝΩΝ,2014
36-41,14004,τοπικής αυτοδιοίκηςη,ΚΑΒΑΛΑΣ,2014
36-41,12544,τοπικής αυτοδιοίκηςη,ΚΑΡΔΙΤΣΗΣ,2014
36-41,5043,τοπικής αυτοδιοίκηςη,ΚΑΣΤΟΡΙΑΣ,2014
36-41,10246,τοπικής αυτοδιοίκηςη,ΚΕΡΚΥΡΑΣ,2014
36-41,4212,τοπικής αυτοδιοίκηςη,ΚΕΦΑΛΛΗΝΙΑΣ,2014
36-41,9267,τοπικής αυτοδιοίκηςη,ΚΙΛΚΙΣ,2014
36-41,15350,τοπικής αυτοδιοίκηςη,ΚΟΖΑΝΗΣ,2014
36-41,13525,τοπικής αυτοδιοίκηςη,ΚΟΡΙΝΘΙΑΣ,2014
36-41,11531,τοπικής αυτοδιοίκηςη,ΚΥΚΛΑΔΩΝ,2014
36-41,8781,τοπικής αυτοδιοίκηςη,ΛΑΚΩΝΙΑΣ,2014
36-41,25496,τοπικής αυτοδιοίκηςη,ΛΑΡΙΣΗΣ,2014
36-41,6676,τοπικής αυτοδιοίκηςη,ΛΑΣΙΘΙΟΥ,2014
36-41,9757,τοπικής αυτοδιοίκηςη,ΛΕΣΒΟΥ,2014
36-41,2526,τοπικής αυτοδιοίκηςη,ΛΕΥΚΑΔΟΣ,2014
36-41,17081,τοπικής αυτοδιοίκηςη,ΜΑΓΝΗΣΙΑΣ,2014
36-41,15667,τοπικής αυτοδιοίκηςη,ΜΕΣΣΗΝΙΑΣ,2014
36-41,12457,τοπικής αυτοδιοίκηςη,ΞΑΝΘΗΣ,2014
36-41,14132,τοπικής αυτοδιοίκηςη,ΠΕΛΛΗΣ,2014
36-41,13085,τοπικής αυτοδιοίκηςη,ΠΙΕΡΙΑΣ,2014
36-41,6674,τοπικής αυτοδιοίκηςη,ΠΡΕΒΕΖΗΣ,2014
36-41,7655,τοπικής αυτοδιοίκηςη,ΡΕΘΥΜΝΗΣ,2014
36-41,12092,τοπικής αυτοδιοίκηςη,ΡΟΔΟΠΗΣ,2014
36-41,4089,τοπικής αυτοδιοίκηςη,ΣΑΜΟΥ,2014
36-41,22058,τοπικής αυτοδιοίκηςη,ΣΕΡΡΩΝ,2014
36-41,15046,τοπικής αυτοδιοίκηςη,ΤΡΙΚΑΛΩΝ,2014
36-41,14094,τοπικής αυτοδιοίκηςη,ΦΘΙΩΤΙΔΟΣ,2014
36-41,5678,τοπικής αυτοδιοίκηςη,ΦΛΩΡΙΝΗΣ,2014
36-41,3634,τοπικής αυτοδιοίκηςη,ΦΩΚΙΔΟΣ,2014
36-41,10424,τοπικής αυτοδιοίκηςη,ΧΑΛΚΙΔΙΚΗΣ,2014
36-41,13894,τοπικής αυτοδιοίκηςη,ΧΑΝΙΩΝ,2014
36-41,5113,τοπικής αυτοδιοίκηςη,ΧΙΟΥ,2014
42-47,23695,τοπικής αυτοδιοίκηςη,ΑΙΤΩΛ/ΝΙΑΣ,2014
42-47,9263,τοπικής αυτοδιοίκηςη,ΑΡΓΟΛΙΔΟΣ,2014
42-47,10514,τοπικής αυτοδιοίκηςη,ΑΡΚΑΔΙΑΣ,2014
42-47,7768,τοπικής αυτοδιοίκηςη,ΑΡΤΗΣ,2014
42-47,44125,τοπικής αυτοδιοίκηςη,Α'ΑΘΗΝΩΝ,2014
42-47,163611,τοπικής αυτοδιοίκηςη,Β'ΑΘΗΝΩΝ,2014
42-47,51913,τοπικής αυτοδιοίκηςη,ΝΟΜΟΥ ΑΤΤΙΚΗΣ,2014
42-47,18707,τοπικής αυτοδιοίκηςη,Α'  ΠΕΙΡΑΙΩΣ,2014
42-47,27613,τοπικής αυτοδιοίκηςη,Β'  ΠΕΙΡΑΙΩΣ,2014
42-47,29160,τοπικής αυτοδιοίκηςη,ΑΧΑΪΑΣ,2014
42-47,10863,τοπικής αυτοδιοίκηςη,ΒΟΙΩΤΙΑΣ,2014
42-47,4058,τοπικής αυτοδιοίκηςη,ΓΡΕΒΕΝΩΝ,2014
42-47,12254,τοπικής αυτοδιοίκηςη,ΔΡΑΜΑΣ,2014
42-47,18941,τοπικής αυτοδιοίκηςη,ΔΩΔΕΚΑΝΗΣΟΥ,2014
42-47,16240,τοπικής αυτοδιοίκηςη,ΕΒΡΟΥ,2014
42-47,20267,τοπικής αυτοδιοίκηςη,ΕΥΒΟΙΑΣ,2014
42-47,2659,τοπικής αυτοδιοίκηςη,ΕΥΡΥΤΑΝΙΑΣ,2014
42-47,3863,τοπικής αυτοδιοίκηςη,ΖΑΚΥΝΘΟΥ,2014
42-47,16059,τοπικής αυτοδιοίκηςη,ΗΛΕΙΑΣ,2014
42-47,14260,τοπικής αυτοδιοίκηςη,ΗΜΑΘΙΑΣ,2014
42-47,27512,τοπικής αυτοδιοίκηςη,ΗΡΑΚΛΕΙΟΥ,2014
42-47,5729,τοπικής αυτοδιοίκηςη,ΘΕΣΠΡΩΤΙΑΣ,2014
42-47,58952,τοπικής αυτοδιοίκηςη,Α'  ΘΕΣ/ΝΙΚΗΣ,2014
42-47,32809,τοπικής αυτοδιοίκηςη,Β'  ΘΕΣ/ΝΙΚΗΣ,2014
42-47,16359,τοπικής αυτοδιοίκηςη,ΙΩΑΝΝΙΝΩΝ,2014
42-47,14940,τοπικής αυτοδιοίκηςη,ΚΑΒΑΛΑΣ,2014
42-47,12487,τοπικής αυτοδιοίκηςη,ΚΑΡΔΙΤΣΗΣ,2014
42-47,5873,τοπικής αυτοδιοίκηςη,ΚΑΣΤΟΡΙΑΣ,2014
42-47,10365,τοπικής αυτοδιοίκηςη,ΚΕΡΚΥΡΑΣ,2014
42-47,4633,τοπικής αυτοδιοίκηςη,ΚΕΦΑΛΛΗΝΙΑΣ,2014
42-47,10724,τοπικής αυτοδιοίκηςη,ΚΙΛΚΙΣ,2014
42-47,16604,τοπικής αυτοδιοίκηςη,ΚΟΖΑΝΗΣ,2014
42-47,13712,τοπικής αυτοδιοίκηςη,ΚΟΡΙΝΘΙΑΣ,2014
42-47,11760,τοπικής αυτοδιοίκηςη,ΚΥΚΛΑΔΩΝ,2014
42-47,9791,τοπικής αυτοδιοίκηςη,ΛΑΚΩΝΙΑΣ,2014
42-47,25691,τοπικής αυτοδιοίκηςη,ΛΑΡΙΣΗΣ,2014
42-47,6326,τοπικής αυτοδιοίκηςη,ΛΑΣΙΘΙΟΥ,2014
42-47,10744,τοπικής αυτοδιοίκηςη,ΛΕΣΒΟΥ,2014
42-47,2641,τοπικής αυτοδιοίκηςη,ΛΕΥΚΑΔΟΣ,2014
42-47,17511,τοπικής αυτοδιοίκηςη,ΜΑΓΝΗΣΙΑΣ,2014
42-47,16889,τοπικής αυτοδιοίκηςη,ΜΕΣΣΗΝΙΑΣ,2014
42-47,11944,τοπικής αυτοδιοίκηςη,ΞΑΝΘΗΣ,2014
42-47,15507,τοπικής αυτοδιοίκηςη,ΠΕΛΛΗΣ,2014
42-47,14008,τοπικής αυτοδιοίκηςη,ΠΙΕΡΙΑΣ,2014
42-47,6525,τοπικής αυτοδιοίκηςη,ΠΡΕΒΕΖΗΣ,2014
42-47,7273,τοπικής αυτοδιοίκηςη,ΡΕΘΥΜΝΗΣ,2014
42-47,11963,τοπικής αυτοδιοίκηςη,ΡΟΔΟΠΗΣ,2014
42-47,4227,τοπικής αυτοδιοίκηςη,ΣΑΜΟΥ,2014
42-47,22710,τοπικής αυτοδιοίκηςη,ΣΕΡΡΩΝ,2014
42-47,14851,τοπικής αυτοδιοίκηςη,ΤΡΙΚΑΛΩΝ,2014
42-47,14986,τοπικής αυτοδιοίκηςη,ΦΘΙΩΤΙΔΟΣ,2014
42-47,6554,τοπικής αυτοδιοίκηςη,ΦΛΩΡΙΝΗΣ,2014
42-47,3831,τοπικής αυτοδιοίκηςη,ΦΩΚΙΔΟΣ,2014
42-47,10738,τοπικής αυτοδιοίκηςη,ΧΑΛΚΙΔΙΚΗΣ,2014
42-47,14585,τοπικής αυτοδιοίκηςη,ΧΑΝΙΩΝ,2014
42-47,5341,τοπικής αυτοδιοίκηςη,ΧΙΟΥ,2014
48-53,22648,τοπικής αυτοδιοίκηςη,ΑΙΤΩΛ/ΝΙΑΣ,2014
48-53,8843,τοπικής αυτοδιοίκηςη,ΑΡΓΟΛΙΔΟΣ,2014
48-53,10947,τοπικής αυτοδιοίκηςη,ΑΡΚΑΔΙΑΣ,2014
48-53,7578,τοπικής αυτοδιοίκηςη,ΑΡΤΗΣ,2014
48-53,42889,τοπικής αυτοδιοίκηςη,Α'ΑΘΗΝΩΝ,2014
48-53,150925,τοπικής αυτοδιοίκηςη,Β'ΑΘΗΝΩΝ,2014
48-53,46506,τοπικής αυτοδιοίκηςη,ΝΟΜΟΥ ΑΤΤΙΚΗΣ,2014
48-53,17961,τοπικής αυτοδιοίκηςη,Α'  ΠΕΙΡΑΙΩΣ,2014
48-53,26121,τοπικής αυτοδιοίκηςη,Β'  ΠΕΙΡΑΙΩΣ,2014
48-53,26596,τοπικής αυτοδιοίκηςη,ΑΧΑΪΑΣ,2014
48-53,10092,τοπικής αυτοδιοίκηςη,ΒΟΙΩΤΙΑΣ,2014
48-53,3896,τοπικής αυτοδιοίκηςη,ΓΡΕΒΕΝΩΝ,2014
48-53,11976,τοπικής αυτοδιοίκηςη,ΔΡΑΜΑΣ,2014
48-53,16572,τοπικής αυτοδιοίκηςη,ΔΩΔΕΚΑΝΗΣΟΥ,2014
48-53,15620,τοπικής αυτοδιοίκηςη,ΕΒΡΟΥ,2014
48-53,19064,τοπικής αυτοδιοίκηςη,ΕΥΒΟΙΑΣ,2014
48-53,2968,τοπικής αυτοδιοίκηςη,ΕΥΡΥΤΑΝΙΑΣ,2014
48-53,3998,τοπικής αυτοδιοίκηςη,ΖΑΚΥΝΘΟΥ,2014
48-53,15721,τοπικής αυτοδιοίκηςη,ΗΛΕΙΑΣ,2014
48-53,12878,τοπικής αυτοδιοίκηςη,ΗΜΑΘΙΑΣ,2014
48-53,23308,τοπικής αυτοδιοίκηςη,ΗΡΑΚΛΕΙΟΥ,2014
48-53,5376,τοπικής αυτοδιοίκηςη,ΘΕΣΠΡΩΤΙΑΣ,2014
48-53,54490,τοπικής αυτοδιοίκηςη,Α'  ΘΕΣ/ΝΙΚΗΣ,2014
48-53,30040,τοπικής αυτοδιοίκηςη,Β'  ΘΕΣ/ΝΙΚΗΣ,2014
48-53,15008,τοπικής αυτοδιοίκηςη,ΙΩΑΝΝΙΝΩΝ,2014
48-53,14261,τοπικής αυτοδιοίκηςη,ΚΑΒΑΛΑΣ,2014
48-53,12073,τοπικής αυτοδιοίκηςη,ΚΑΡΔΙΤΣΗΣ,2014
48-53,5975,τοπικής αυτοδιοίκηςη,ΚΑΣΤΟΡΙΑΣ,2014
48-53,9942,τοπικής αυτοδιοίκηςη,ΚΕΡΚΥΡΑΣ,2014
48-53,4858,τοπικής αυτοδιοίκηςη,ΚΕΦΑΛΛΗΝΙΑΣ,2014
48-53,10878,τοπικής αυτοδιοίκηςη,ΚΙΛΚΙΣ,2014
48-53,16278,τοπικής αυτοδιοίκηςη,ΚΟΖΑΝΗΣ,2014
48-53,12887,τοπικής αυτοδιοίκηςη,ΚΟΡΙΝΘΙΑΣ,2014
48-53,10919,τοπικής αυτοδιοίκηςη,ΚΥΚΛΑΔΩΝ,2014
48-53,10246,τοπικής αυτοδιοίκηςη,ΛΑΚΩΝΙΑΣ,2014
48-53,23361,τοπικής αυτοδιοίκηςη,ΛΑΡΙΣΗΣ,2014
48-53,6155,τοπικής αυτοδιοίκηςη,ΛΑΣΙΘΙΟΥ,2014
48-53,10119,τοπικής αυτοδιοίκηςη,ΛΕΣΒΟΥ,2014
48-53,2687,τοπικής αυτοδιοίκηςη,ΛΕΥΚΑΔΟΣ,2014
48-53,16340,τοπικής αυτοδιοίκηςη,ΜΑΓΝΗΣΙΑΣ,2014
48-53,17364,τοπικής αυτοδιοίκηςη,ΜΕΣΣΗΝΙΑΣ,2014
48-53,11485,τοπικής αυτοδιοίκηςη,ΞΑΝΘΗΣ,2014
48-53,15168,τοπικής αυτοδιοίκηςη,ΠΕΛΛΗΣ,2014
48-53,13506,τοπικής αυτοδιοίκηςη,ΠΙΕΡΙΑΣ,2014
48-53,6198,τοπικής αυτοδιοίκηςη,ΠΡΕΒΕΖΗΣ,2014
48-53,6424,τοπικής αυτοδιοίκηςη,ΡΕΘΥΜΝΗΣ,2014
48-53,11589,τοπικής αυτοδιοίκηςη,ΡΟΔΟΠΗΣ,2014
48-53,4133,τοπικής αυτοδιοίκηςη,ΣΑΜΟΥ,2014
48-53,22673,τοπικής αυτοδιοίκηςη,ΣΕΡΡΩΝ,2014
48-53,13678,τοπικής αυτοδιοίκηςη,ΤΡΙΚΑΛΩΝ,2014
48-53,14007,τοπικής αυτοδιοίκηςη,ΦΘΙΩΤΙΔΟΣ,2014
48-53,7283,τοπικής αυτοδιοίκηςη,ΦΛΩΡΙΝΗΣ,2014
48-53,3783,τοπικής αυτοδιοίκηςη,ΦΩΚΙΔΟΣ,2014
48-53,10179,τοπικής αυτοδιοίκηςη,ΧΑΛΚΙΔΙΚΗΣ,2014
48-53,13521,τοπικής αυτοδιοίκηςη,ΧΑΝΙΩΝ,2014
48-53,5352,τοπικής αυτοδιοίκηςη,ΧΙΟΥ,2014
54-59,22713,τοπικής αυτοδιοίκηςη,ΑΙΤΩΛ/ΝΙΑΣ,2014
54-59,9322,τοπικής αυτοδιοίκηςη,ΑΡΓΟΛΙΔΟΣ,2014
54-59,11849,τοπικής αυτοδιοίκηςη,ΑΡΚΑΔΙΑΣ,2014
54-59,7947,τοπικής αυτοδιοίκηςη,ΑΡΤΗΣ,2014
54-59,43333,τοπικής αυτοδιοίκηςη,Α'ΑΘΗΝΩΝ,2014
54-59,138184,τοπικής αυτοδιοίκηςη,Β'ΑΘΗΝΩΝ,2014
54-59,43424,τοπικής αυτοδιοίκηςη,ΝΟΜΟΥ ΑΤΤΙΚΗΣ,2014
54-59,17886,τοπικής αυτοδιοίκηςη,Α'  ΠΕΙΡΑΙΩΣ,2014
54-59,24996,τοπικής αυτοδιοίκηςη,Β'  ΠΕΙΡΑΙΩΣ,2014
54-59,25994,τοπικής αυτοδιοίκηςη,ΑΧΑΪΑΣ,2014
54-59,10138,τοπικής αυτοδιοίκηςη,ΒΟΙΩΤΙΑΣ,2014
54-59,4225,τοπικής αυτοδιοίκηςη,ΓΡΕΒΕΝΩΝ,2014
54-59,11202,τοπικής αυτοδιοίκηςη,ΔΡΑΜΑΣ,2014
54-59,16254,τοπικής αυτοδιοίκηςη,ΔΩΔΕΚΑΝΗΣΟΥ,2014
54-59,16263,τοπικής αυτοδιοίκηςη,ΕΒΡΟΥ,2014
54-59,18831,τοπικής αυτοδιοίκηςη,ΕΥΒΟΙΑΣ,2014
54-59,3170,τοπικής αυτοδιοίκηςη,ΕΥΡΥΤΑΝΙΑΣ,2014
54-59,4134,τοπικής αυτοδιοίκηςη,ΖΑΚΥΝΘΟΥ,2014
54-59,16913,τοπικής αυτοδιοίκηςη,ΗΛΕΙΑΣ,2014
54-59,12717,τοπικής αυτοδιοίκηςη,ΗΜΑΘΙΑΣ,2014
54-59,21917,τοπικής αυτοδιοίκηςη,ΗΡΑΚΛΕΙΟΥ,2014
54-59,6392,τοπικής αυτοδιοίκηςη,ΘΕΣΠΡΩΤΙΑΣ,2014
54-59,48600,τοπικής αυτοδιοίκηςη,Α'  ΘΕΣ/ΝΙΚΗΣ,2014
54-59,26915,τοπικής αυτοδιοίκηςη,Β'  ΘΕΣ/ΝΙΚΗΣ,2014
54-59,16479,τοπικής αυτοδιοίκηςη,ΙΩΑΝΝΙΝΩΝ,2014
54-59,12961,τοπικής αυτοδιοίκηςη,ΚΑΒΑΛΑΣ,2014
54-59,12869,τοπικής αυτοδιοίκηςη,ΚΑΡΔΙΤΣΗΣ,2014
54-59,6007,τοπικής αυτοδιοίκηςη,ΚΑΣΤΟΡΙΑΣ,2014
54-59,10231,τοπικής αυτοδιοίκηςη,ΚΕΡΚΥΡΑΣ,2014
54-59,4973,τοπικής αυτοδιοίκηςη,ΚΕΦΑΛΛΗΝΙΑΣ,2014
54-59,10123,τοπικής αυτοδιοίκηςη,ΚΙΛΚΙΣ,2014
54-59,15937,τοπικής αυτοδιοίκηςη,ΚΟΖΑΝΗΣ,2014
54-59,12931,τοπικής αυτοδιοίκηςη,ΚΟΡΙΝΘΙΑΣ,2014
54-59,11099,τοπικής αυτοδιοίκηςη,ΚΥΚΛΑΔΩΝ,2014
54-59,10695,τοπικής αυτοδιοίκηςη,ΛΑΚΩΝΙΑΣ,2014
54-59,23208,τοπικής αυτοδιοίκηςη,ΛΑΡΙΣΗΣ,2014
54-59,6072,τοπικής αυτοδιοίκηςη,ΛΑΣΙΘΙΟΥ,2014
54-59,9786,τοπικής αυτοδιοίκηςη,ΛΕΣΒΟΥ,2014
54-59,2767,τοπικής αυτοδιοίκηςη,ΛΕΥΚΑΔΟΣ,2014
54-59,16470,τοπικής αυτοδιοίκηςη,ΜΑΓΝΗΣΙΑΣ,2014
54-59,18277,τοπικής αυτοδιοίκηςη,ΜΕΣΣΗΝΙΑΣ,2014
54-59,10503,τοπικής αυτοδιοίκηςη,ΞΑΝΘΗΣ,2014
54-59,14304,τοπικής αυτοδιοίκηςη,ΠΕΛΛΗΣ,2014
54-59,12873,τοπικής αυτοδιοίκηςη,ΠΙΕΡΙΑΣ,2014
54-59,6670,τοπικής αυτοδιοίκηςη,ΠΡΕΒΕΖΗΣ,2014
54-59,6038,τοπικής αυτοδιοίκηςη,ΡΕΘΥΜΝΗΣ,2014
54-59,10959,τοπικής αυτοδιοίκηςη,ΡΟΔΟΠΗΣ,2014
54-59,4151,τοπικής αυτοδιοίκηςη,ΣΑΜΟΥ,2014
54-59,22800,τοπικής αυτοδιοίκηςη,ΣΕΡΡΩΝ,2014
54-59,14008,τοπικής αυτοδιοίκηςη,ΤΡΙΚΑΛΩΝ,2014
54-59,14335,τοπικής αυτοδιοίκηςη,ΦΘΙΩΤΙΔΟΣ,2014
54-59,7850,τοπικής αυτοδιοίκηςη,ΦΛΩΡΙΝΗΣ,2014
54-59,3934,τοπικής αυτοδιοίκηςη,ΦΩΚΙΔΟΣ,2014
54-59,9657,τοπικής αυτοδιοίκηςη,ΧΑΛΚΙΔΙΚΗΣ,2014
54-59,12921,τοπικής αυτοδιοίκηςη,ΧΑΝΙΩΝ,2014
54-59,5678,τοπικής αυτοδιοίκηςη,ΧΙΟΥ,2014
60-65,20496,τοπικής αυτοδιοίκηςη,ΑΙΤΩΛ/ΝΙΑΣ,2014
60-65,8557,τοπικής αυτοδιοίκηςη,ΑΡΓΟΛΙΔΟΣ,2014
60-65,11655,τοπικής αυτοδιοίκηςη,ΑΡΚΑΔΙΑΣ,2014
60-65,7743,τοπικής αυτοδιοίκηςη,ΑΡΤΗΣ,2014
60-65,41784,τοπικής αυτοδιοίκηςη,Α'ΑΘΗΝΩΝ,2014
60-65,117229,τοπικής αυτοδιοίκηςη,Β'ΑΘΗΝΩΝ,2014
60-65,38797,τοπικής αυτοδιοίκηςη,ΝΟΜΟΥ ΑΤΤΙΚΗΣ,2014
60-65,16879,τοπικής αυτοδιοίκηςη,Α'  ΠΕΙΡΑΙΩΣ,2014
60-65,21916,τοπικής αυτοδιοίκηςη,Β'  ΠΕΙΡΑΙΩΣ,2014
60-65,23532,τοπικής αυτοδιοίκηςη,ΑΧΑΪΑΣ,2014
60-65,8952,τοπικής αυτοδιοίκηςη,ΒΟΙΩΤΙΑΣ,2014
60-65,3779,τοπικής αυτοδιοίκηςη,ΓΡΕΒΕΝΩΝ,2014
60-65,9182,τοπικής αυτοδιοίκηςη,ΔΡΑΜΑΣ,2014
60-65,17203,τοπικής αυτοδιοίκηςη,ΔΩΔΕΚΑΝΗΣΟΥ,2014
60-65,13718,τοπικής αυτοδιοίκηςη,ΕΒΡΟΥ,2014
60-65,16949,τοπικής αυτοδιοίκηςη,ΕΥΒΟΙΑΣ,2014
60-65,2654,τοπικής αυτοδιοίκηςη,ΕΥΡΥΤΑΝΙΑΣ,2014
60-65,3533,τοπικής αυτοδιοίκηςη,ΖΑΚΥΝΘΟΥ,2014
60-65,15953,τοπικής αυτοδιοίκηςη,ΗΛΕΙΑΣ,2014
60-65,12125,τοπικής αυτοδιοίκηςη,ΗΜΑΘΙΑΣ,2014
60-65,19923,τοπικής αυτοδιοίκηςη,ΗΡΑΚΛΕΙΟΥ,2014
60-65,5899,τοπικής αυτοδιοίκηςη,ΘΕΣΠΡΩΤΙΑΣ,2014
60-65,41633,τοπικής αυτοδιοίκηςη,Α'  ΘΕΣ/ΝΙΚΗΣ,2014
60-65,23015,τοπικής αυτοδιοίκηςη,Β'  ΘΕΣ/ΝΙΚΗΣ,2014
60-65,15706,τοπικής αυτοδιοίκηςη,ΙΩΑΝΝΙΝΩΝ,2014
60-65,12033,τοπικής αυτοδιοίκηςη,ΚΑΒΑΛΑΣ,2014
60-65,11589,τοπικής αυτοδιοίκηςη,ΚΑΡΔΙΤΣΗΣ,2014
60-65,4975,τοπικής αυτοδιοίκηςη,ΚΑΣΤΟΡΙΑΣ,2014
60-65,9872,τοπικής αυτοδιοίκηςη,ΚΕΡΚΥΡΑΣ,2014
60-65,4503,τοπικής αυτοδιοίκηςη,ΚΕΦΑΛΛΗΝΙΑΣ,2014
60-65,8122,τοπικής αυτοδιοίκηςη,ΚΙΛΚΙΣ,2014
60-65,13442,τοπικής αυτοδιοίκηςη,ΚΟΖΑΝΗΣ,2014
60-65,12736,τοπικής αυτοδιοίκηςη,ΚΟΡΙΝΘΙΑΣ,2014
60-65,10242,τοπικής αυτοδιοίκηςη,ΚΥΚΛΑΔΩΝ,2014
60-65,11031,τοπικής αυτοδιοίκηςη,ΛΑΚΩΝΙΑΣ,2014
60-65,20322,τοπικής αυτοδιοίκηςη,ΛΑΡΙΣΗΣ,2014
60-65,5506,τοπικής αυτοδιοίκηςη,ΛΑΣΙΘΙΟΥ,2014
60-65,9985,τοπικής αυτοδιοίκηςη,ΛΕΣΒΟΥ,2014
60-65,2662,τοπικής αυτοδιοίκηςη,ΛΕΥΚΑΔΟΣ,2014
60-65,14497,τοπικής αυτοδιοίκηςη,ΜΑΓΝΗΣΙΑΣ,2014
60-65,17439,τοπικής αυτοδιοίκηςη,ΜΕΣΣΗΝΙΑΣ,2014
60-65,8959,τοπικής αυτοδιοίκηςη,ΞΑΝΘΗΣ,2014
60-65,12077,τοπικής αυτοδιοίκηςη,ΠΕΛΛΗΣ,2014
60-65,10594,τοπικής αυτοδιοίκηςη,ΠΙΕΡΙΑΣ,2014
60-65,6424,τοπικής αυτοδιοίκηςη,ΠΡΕΒΕΖΗΣ,2014
60-65,5432,τοπικής αυτοδιοίκηςη,ΡΕΘΥΜΝΗΣ,2014
60-65,9644,τοπικής αυτοδιοίκηςη,ΡΟΔΟΠΗΣ,2014
60-65,4205,τοπικής αυτοδιοίκηςη,ΣΑΜΟΥ,2014
60-65,19804,τοπικής αυτοδιοίκηςη,ΣΕΡΡΩΝ,2014
60-65,13437,τοπικής αυτοδιοίκηςη,ΤΡΙΚΑΛΩΝ,2014
60-65,12344,τοπικής αυτοδιοίκηςη,ΦΘΙΩΤΙΔΟΣ,2014
60-65,7571,τοπικής αυτοδιοίκηςη,ΦΛΩΡΙΝΗΣ,2014
60-65,3887,τοπικής αυτοδιοίκηςη,ΦΩΚΙΔΟΣ,2014
60-65,9108,τοπικής αυτοδιοίκηςη,ΧΑΛΚΙΔΙΚΗΣ,2014
60-65,11432,τοπικής αυτοδιοίκηςη,ΧΑΝΙΩΝ,2014
60-65,5373,τοπικής αυτοδιοίκηςη,ΧΙΟΥ,2014
66-70,16141,τοπικής αυτοδιοίκηςη,ΑΙΤΩΛ/ΝΙΑΣ,2014
66-70,6859,τοπικής αυτοδιοίκηςη,ΑΡΓΟΛΙΔΟΣ,2014
66-70,9985,τοπικής αυτοδιοίκηςη,ΑΡΚΑΔΙΑΣ,2014
66-70,6035,τοπικής αυτοδιοίκηςη,ΑΡΤΗΣ,2014
66-70,36773,τοπικής αυτοδιοίκηςη,Α'ΑΘΗΝΩΝ,2014
66-70,93633,τοπικής αυτοδιοίκηςη,Β'ΑΘΗΝΩΝ,2014
66-70,31383,τοπικής αυτοδιοίκηςη,ΝΟΜΟΥ ΑΤΤΙΚΗΣ,2014
66-70,14925,τοπικής αυτοδιοίκηςη,Α'  ΠΕΙΡΑΙΩΣ,2014
66-70,18713,τοπικής αυτοδιοίκηςη,Β'  ΠΕΙΡΑΙΩΣ,2014
66-70,18007,τοπικής αυτοδιοίκηςη,ΑΧΑΪΑΣ,2014
66-70,8025,τοπικής αυτοδιοίκηςη,ΒΟΙΩΤΙΑΣ,2014
66-70,2939,τοπικής αυτοδιοίκηςη,ΓΡΕΒΕΝΩΝ,2014
66-70,7289,τοπικής αυτοδιοίκηςη,ΔΡΑΜΑΣ,2014
66-70,14184,τοπικής αυτοδιοίκηςη,ΔΩΔΕΚΑΝΗΣΟΥ,2014
66-70,11335,τοπικής αυτοδιοίκηςη,ΕΒΡΟΥ,2014
66-70,14544,τοπικής αυτοδιοίκηςη,ΕΥΒΟΙΑΣ,2014
66-70,2330,τοπικής αυτοδιοίκηςη,ΕΥΡΥΤΑΝΙΑΣ,2014
66-70,2826,τοπικής αυτοδιοίκηςη,ΖΑΚΥΝΘΟΥ,2014
66-70,12647,τοπικής αυτοδιοίκηςη,ΗΛΕΙΑΣ,2014
66-70,9433,τοπικής αυτοδιοίκηςη,ΗΜΑΘΙΑΣ,2014
66-70,16533,τοπικής αυτοδιοίκηςη,ΗΡΑΚΛΕΙΟΥ,2014
66-70,4203,τοπικής αυτοδιοίκηςη,ΘΕΣΠΡΩΤΙΑΣ,2014
66-70,31991,τοπικής αυτοδιοίκηςη,Α'  ΘΕΣ/ΝΙΚΗΣ,2014
66-70,18966,τοπικής αυτοδιοίκηςη,Β'  ΘΕΣ/ΝΙΚΗΣ,2014
66-70,12707,τοπικής αυτοδιοίκηςη,ΙΩΑΝΝΙΝΩΝ,2014
66-70,9949,τοπικής αυτοδιοίκηςη,ΚΑΒΑΛΑΣ,2014
66-70,10385,τοπικής αυτοδιοίκηςη,ΚΑΡΔΙΤΣΗΣ,2014
66-70,4008,τοπικής αυτοδιοίκηςη,ΚΑΣΤΟΡΙΑΣ,2014
66-70,7963,τοπικής αυτοδιοίκηςη,ΚΕΡΚΥΡΑΣ,2014
66-70,3837,τοπικής αυτοδιοίκηςη,ΚΕΦΑΛΛΗΝΙΑΣ,2014
66-70,6725,τοπικής αυτοδιοίκηςη,ΚΙΛΚΙΣ,2014
66-70,9717,τοπικής αυτοδιοίκηςη,ΚΟΖΑΝΗΣ,2014
66-70,10667,τοπικής αυτοδιοίκηςη,ΚΟΡΙΝΘΙΑΣ,2014
66-70,9219,τοπικής αυτοδιοίκηςη,ΚΥΚΛΑΔΩΝ,2014
66-70,9646,τοπικής αυτοδιοίκηςη,ΛΑΚΩΝΙΑΣ,2014
66-70,16664,τοπικής αυτοδιοίκηςη,ΛΑΡΙΣΗΣ,2014
66-70,4776,τοπικής αυτοδιοίκηςη,ΛΑΣΙΘΙΟΥ,2014
66-70,10354,τοπικής αυτοδιοίκηςη,ΛΕΣΒΟΥ,2014
66-70,2134,τοπικής αυτοδιοίκηςη,ΛΕΥΚΑΔΟΣ,2014
66-70,12470,τοπικής αυτοδιοίκηςη,ΜΑΓΝΗΣΙΑΣ,2014
66-70,15047,τοπικής αυτοδιοίκηςη,ΜΕΣΣΗΝΙΑΣ,2014
66-70,6741,τοπικής αυτοδιοίκηςη,ΞΑΝΘΗΣ,2014
66-70,9592,τοπικής αυτοδιοίκηςη,ΠΕΛΛΗΣ,2014
66-70,8526,τοπικής αυτοδιοίκηςη,ΠΙΕΡΙΑΣ,2014
66-70,4942,τοπικής αυτοδιοίκηςη,ΠΡΕΒΕΖΗΣ,2014
66-70,4662,τοπικής αυτοδιοίκηςη,ΡΕΘΥΜΝΗΣ,2014
66-70,8191,τοπικής αυτοδιοίκηςη,ΡΟΔΟΠΗΣ,2014
66-70,4280,τοπικής αυτοδιοίκηςη,ΣΑΜΟΥ,2014
66-70,16053,τοπικής αυτοδιοίκηςη,ΣΕΡΡΩΝ,2014
66-70,11346,τοπικής αυτοδιοίκηςη,ΤΡΙΚΑΛΩΝ,2014
66-70,10769,τοπικής αυτοδιοίκηςη,ΦΘΙΩΤΙΔΟΣ,2014
66-70,6605,τοπικής αυτοδιοίκηςη,ΦΛΩΡΙΝΗΣ,2014
66-70,3367,τοπικής αυτοδιοίκηςη,ΦΩΚΙΔΟΣ,2014
66-70,7876,τοπικής αυτοδιοίκηςη,ΧΑΛΚΙΔΙΚΗΣ,2014
66-70,9221,τοπικής αυτοδιοίκηςη,ΧΑΝΙΩΝ,2014
66-70,4834,τοπικής αυτοδιοίκηςη,ΧΙΟΥ,2014
71+,52189,τοπικής αυτοδιοίκηςη,ΑΙΤΩΛ/ΝΙΑΣ,2014
71+,20989,τοπικής αυτοδιοίκηςη,ΑΡΓΟΛΙΔΟΣ,2014
71+,42470,τοπικής αυτοδιοίκηςη,ΑΡΚΑΔΙΑΣ,2014
71+,18412,τοπικής αυτοδιοίκηςη,ΑΡΤΗΣ,2014
71+,138048,τοπικής αυτοδιοίκηςη,Α'ΑΘΗΝΩΝ,2014
71+,280637,τοπικής αυτοδιοίκηςη,Β'ΑΘΗΝΩΝ,2014
71+,74538,τοπικής αυτοδιοίκηςη,ΝΟΜΟΥ ΑΤΤΙΚΗΣ,2014
71+,53544,τοπικής αυτοδιοίκηςη,Α'  ΠΕΙΡΑΙΩΣ,2014
71+,61779,τοπικής αυτοδιοίκηςη,Β'  ΠΕΙΡΑΙΩΣ,2014
71+,53443,τοπικής αυτοδιοίκηςη,ΑΧΑΪΑΣ,2014
71+,23791,τοπικής αυτοδιοίκηςη,ΒΟΙΩΤΙΑΣ,2014
71+,11450,τοπικής αυτοδιοίκηςη,ΓΡΕΒΕΝΩΝ,2014
71+,26800,τοπικής αυτοδιοίκηςη,ΔΡΑΜΑΣ,2014
71+,35644,τοπικής αυτοδιοίκηςη,ΔΩΔΕΚΑΝΗΣΟΥ,2014
71+,36510,τοπικής αυτοδιοίκηςη,ΕΒΡΟΥ,2014
71+,45054,τοπικής αυτοδιοίκηςη,ΕΥΒΟΙΑΣ,2014
71+,9730,τοπικής αυτοδιοίκηςη,ΕΥΡΥΤΑΝΙΑΣ,2014
71+,10589,τοπικής αυτοδιοίκηςη,ΖΑΚΥΝΘΟΥ,2014
71+,40778,τοπικής αυτοδιοίκηςη,ΗΛΕΙΑΣ,2014
71+,26826,τοπικής αυτοδιοίκηςη,ΗΜΑΘΙΑΣ,2014
71+,46088,τοπικής αυτοδιοίκηςη,ΗΡΑΚΛΕΙΟΥ,2014
71+,12322,τοπικής αυτοδιοίκηςη,ΘΕΣΠΡΩΤΙΑΣ,2014
71+,94117,τοπικής αυτοδιοίκηςη,Α'  ΘΕΣ/ΝΙΚΗΣ,2014
71+,50530,τοπικής αυτοδιοίκηςη,Β'  ΘΕΣ/ΝΙΚΗΣ,2014
71+,41003,τοπικής αυτοδιοίκηςη,ΙΩΑΝΝΙΝΩΝ,2014
71+,33894,τοπικής αυτοδιοίκηςη,ΚΑΒΑΛΑΣ,2014
71+,32107,τοπικής αυτοδιοίκηςη,ΚΑΡΔΙΤΣΗΣ,2014
71+,18358,τοπικής αυτοδιοίκηςη,ΚΑΣΤΟΡΙΑΣ,2014
71+,27204,τοπικής αυτοδιοίκηςη,ΚΕΡΚΥΡΑΣ,2014
71+,19051,τοπικής αυτοδιοίκηςη,ΚΕΦΑΛΛΗΝΙΑΣ,2014
71+,25599,τοπικής αυτοδιοίκηςη,ΚΙΛΚΙΣ,2014
71+,38061,τοπικής αυτοδιοίκηςη,ΚΟΖΑΝΗΣ,2014
71+,33915,τοπικής αυτοδιοίκηςη,ΚΟΡΙΝΘΙΑΣ,2014
71+,31940,τοπικής αυτοδιοίκηςη,ΚΥΚΛΑΔΩΝ,2014
71+,47794,τοπικής αυτοδιοίκηςη,ΛΑΚΩΝΙΑΣ,2014
71+,53522,τοπικής αυτοδιοίκηςη,ΛΑΡΙΣΗΣ,2014
71+,16198,τοπικής αυτοδιοίκηςη,ΛΑΣΙΘΙΟΥ,2014
71+,46549,τοπικής αυτοδιοίκηςη,ΛΕΣΒΟΥ,2014
71+,7902,τοπικής αυτοδιοίκηςη,ΛΕΥΚΑΔΟΣ,2014
71+,39169,τοπικής αυτοδιοίκηςη,ΜΑΓΝΗΣΙΑΣ,2014
71+,58907,τοπικής αυτοδιοίκηςη,ΜΕΣΣΗΝΙΑΣ,2014
71+,19155,τοπικής αυτοδιοίκηςη,ΞΑΝΘΗΣ,2014
71+,31322,τοπικής αυτοδιοίκηςη,ΠΕΛΛΗΣ,2014
71+,25881,τοπικής αυτοδιοίκηςη,ΠΙΕΡΙΑΣ,2014
71+,13306,τοπικής αυτοδιοίκηςη,ΠΡΕΒΕΖΗΣ,2014
71+,14403,τοπικής αυτοδιοίκηςη,ΡΕΘΥΜΝΗΣ,2014
71+,22482,τοπικής αυτοδιοίκηςη,ΡΟΔΟΠΗΣ,2014
71+,16458,τοπικής αυτοδιοίκηςη,ΣΑΜΟΥ,2014
71+,53728,τοπικής αυτοδιοίκηςη,ΣΕΡΡΩΝ,2014
71+,31950,τοπικής αυτοδιοίκηςη,ΤΡΙΚΑΛΩΝ,2014
71+,36442,τοπικής αυτοδιοίκηςη,ΦΘΙΩΤΙΔΟΣ,2014
71+,34088,τοπικής αυτοδιοίκηςη,ΦΛΩΡΙΝΗΣ,2014
71+,13283,τοπικής αυτοδιοίκηςη,ΦΩΚΙΔΟΣ,2014
71+,21276,τοπικής αυτοδιοίκηςη,ΧΑΛΚΙΔΙΚΗΣ,2014
71+,30606,τοπικής αυτοδιοίκηςη,ΧΑΝΙΩΝ,2014
71+,19329,τοπικής αυτοδιοίκηςη,ΧΙΟΥ,2014
