election_type,electoral_district,municipality,voters_female,voters_male,year
βουλευτικές,ΑΙΤΩΛ/ΝΙΑΣ,,122450,121056,2012
βουλευτικές,ΑΡΓΟΛΙΔΟΣ,,48473,47101,2012
βουλευτικές,ΑΡΚΑΔΙΑΣ,,66435,66189,2012
βουλευτικές,ΑΡΤΗΣ,,41889,41220,2012
βουλευτικές,Α'ΑΘΗΝΩΝ,,263048,217680,2012
βουλευτικές,Β'ΑΘΗΝΩΝ,,746618,663875,2012
βουλευτικές,ΝΟΜΟΥ ΑΤΤΙΚΗΣ,,227166,214778,2012
βουλευτικές,Α'  ΠΕΙΡΑΙΩΣ,,108008,94037,2012
βουλευτικές,Β'  ΠΕΙΡΑΙΩΣ,,142589,128851,2012
βουλευτικές,ΑΧΑΪΑΣ,,141726,135296,2012
βουλευτικές,ΒΟΙΩΤΙΑΣ,,55165,54761,2012
βουλευτικές,ΓΡΕΒΕΝΩΝ,,21883,22477,2012
βουλευτικές,ΔΡΑΜΑΣ,,60789,57529,2012
βουλευτικές,ΔΩΔΕΚΑΝΗΣΟΥ,,90429,90915,2012
βουλευτικές,ΕΒΡΟΥ,,83060,81683,2012
βουλευτικές,ΕΥΒΟΙΑΣ,,103687,100734,2012
βουλευτικές,ΕΥΡΥΤΑΝΙΑΣ,,16252,16681,2012
βουλευτικές,ΖΑΚΥΝΘΟΥ,,21418,20895,2012
βουλευτικές,ΗΛΕΙΑΣ,,89392,88113,2012
βουλευτικές,ΗΜΑΘΙΑΣ,,69706,67166,2012
βουλευτικές,ΗΡΑΚΛΕΙΟΥ,,127161,122565,2012
βουλευτικές,ΘΕΣΠΡΩΤΙΑΣ,,30236,30606,2012
βουλευτικές,Α'  ΘΕΣ/ΝΙΚΗΣ,,270832,239081,2012
βουλευτικές,Β'  ΘΕΣ/ΝΙΚΗΣ,,143756,136146,2012
βουλευτικές,ΙΩΑΝΝΙΝΩΝ,,87952,84703,2012
βουλευτικές,ΚΑΒΑΛΑΣ,,74915,70441,2012
βουλευτικές,ΚΑΡΔΙΤΣΗΣ,,69519,69119,2012
βουλευτικές,ΚΑΣΤΟΡΙΑΣ,,31775,31245,2012
βουλευτικές,ΚΕΡΚΥΡΑΣ,,56020,52549,2012
βουλευτικές,ΚΕΦΑΛΛΗΝΙΑΣ,,28296,27851,2012
βουλευτικές,ΚΙΛΚΙΣ,,54560,52301,2012
βουλευτικές,ΚΟΖΑΝΗΣ,,83126,81983,2012
βουλευτικές,ΚΟΡΙΝΘΙΑΣ,,72124,68092,2012
βουλευτικές,ΚΥΚΛΑΔΩΝ,,62532,60823,2012
βουλευτικές,ΛΑΚΩΝΙΑΣ,,66764,63519,2012
βουλευτικές,ΛΑΡΙΣΗΣ,,127914,122667,2012
βουλευτικές,ΛΑΣΙΘΙΟΥ,,34764,33755,2012
βουλευτικές,ΛΕΣΒΟΥ,,69068,63232,2012
βουλευτικές,ΛΕΥΚΑΔΟΣ,,14776,14714,2012
βουλευτικές,ΜΑΓΝΗΣΙΑΣ,,91676,85232,2012
βουλευτικές,ΜΕΣΣΗΝΙΑΣ,,103368,99244,2012
βουλευτικές,ΞΑΝΘΗΣ,,58649,55444,2012
βουλευτικές,ΠΕΛΛΗΣ,,75698,73596,2012
βουλευτικές,ΠΙΕΡΙΑΣ,,66299,64744,2012
βουλευτικές,ΠΡΕΒΕΖΗΣ,,33557,33807,2012
βουλευτικές,ΡΕΘΥΜΝΗΣ,,35655,34902,2012
βουλευτικές,ΡΟΔΟΠΗΣ,,60941,56865,2012
βουλευτικές,ΣΑΜΟΥ,,26097,25422,2012
βουλευτικές,ΣΕΡΡΩΝ,,120375,117151,2012
βουλευτικές,ΤΡΙΚΑΛΩΝ,,76171,75963,2012
βουλευτικές,ΦΘΙΩΤΙΔΟΣ,,78738,74739,2012
βουλευτικές,ΦΛΩΡΙΝΗΣ,,45681,44489,2012
βουλευτικές,ΦΩΚΙΔΟΣ,,23332,22419,2012
βουλευτικές,ΧΑΛΚΙΔΙΚΗΣ,,52622,51001,2012
βουλευτικές,ΧΑΝΙΩΝ,,71379,68611,2012
βουλευτικές,ΧΙΟΥ,,32914,31319,2012
τοπικής αυτοδιοίκηςη,ΔΡΑΜΑΣ,ΔΟΞΑΤΟΥ,10527,9993,2014
τοπικής αυτοδιοίκηςη,ΔΡΑΜΑΣ,ΔΡΑΜΑΣ,27054,24729,2014
τοπικής αυτοδιοίκηςη,ΔΡΑΜΑΣ,ΚΑΤΩ ΝΕΥΡΟΚΟΠΙΟΥ,6335,6388,2014
τοπικής αυτοδιοίκηςη,ΔΡΑΜΑΣ,ΠΑΡΑΝΕΣΤΙΟΥ,4698,4529,2014
τοπικής αυτοδιοίκηςη,ΔΡΑΜΑΣ,ΠΡΟΣΟΤΣΑΝΗΣ,12109,11864,2014
τοπικής αυτοδιοίκηςη,ΕΒΡΟΥ,ΑΛΕΞΑΝΔΡΟΥΠΟΛΗΣ,31446,29733,2014
τοπικής αυτοδιοίκηςη,ΕΒΡΟΥ,ΔΙΔΥΜΟΤΕΙΧΟΥ,15423,15374,2014
τοπικής αυτοδιοίκηςη,ΕΒΡΟΥ,ΟΡΕΣΤΙΑΔΑΣ,23080,23350,2014
τοπικής αυτοδιοίκηςη,ΕΒΡΟΥ,ΣΑΜΟΘΡΑΚΗΣ,1998,2119,2014
τοπικής αυτοδιοίκηςη,ΕΒΡΟΥ,ΣΟΥΦΛΙΟΥ,10677,10653,2014
τοπικής αυτοδιοίκηςη,ΘΑΣΟΥ,ΘΑΣΟΥ,7086,6833,2014
τοπικής αυτοδιοίκηςη,ΚΑΒΑΛΑΣ,ΚΑΒΑΛΑΣ,35529,32197,2014
τοπικής αυτοδιοίκηςη,ΚΑΒΑΛΑΣ,ΝΕΣΤΟΥ,13624,13235,2014
τοπικής αυτοδιοίκηςη,ΚΑΒΑΛΑΣ,ΠΑΓΓΑΙΟΥ,18639,18220,2014
τοπικής αυτοδιοίκηςη,ΞΑΝΘΗΣ,ΑΒΔΗΡΩΝ,14065,13507,2014
τοπικής αυτοδιοίκηςη,ΞΑΝΘΗΣ,ΜΥΚΗΣ,9806,9818,2014
τοπικής αυτοδιοίκηςη,ΞΑΝΘΗΣ,ΞΑΝΘΗΣ,27021,24634,2014
τοπικής αυτοδιοίκηςη,ΞΑΝΘΗΣ,ΤΟΠΕΙΡΟΥ,8222,8074,2014
τοπικής αυτοδιοίκηςη,ΡΟΔΟΠΗΣ,ΑΡΡΙΑΝΩΝ,10560,10102,2014
τοπικής αυτοδιοίκηςη,ΡΟΔΟΠΗΣ,ΙΑΣΜΟΥ,10393,9855,2014
τοπικής αυτοδιοίκηςη,ΡΟΔΟΠΗΣ,ΚΟΜΟΤΗΝΗΣ,28653,26011,2014
τοπικής αυτοδιοίκηςη,ΡΟΔΟΠΗΣ,ΜΑΡΩΝΕΙΑΣ - ΣΑΠΩΝ,11358,10897,2014
τοπικής αυτοδιοίκηςη,ΗΜΑΘΙΑΣ,ΑΛΕΞΑΝΔΡΕΙΑΣ,21659,21219,2014
τοπικής αυτοδιοίκηςη,ΗΜΑΘΙΑΣ,ΒΕΡΟΙΑΣ,30985,29397,2014
τοπικής αυτοδιοίκηςη,ΗΜΑΘΙΑΣ,ΝΑΟΥΣΑΣ,16957,16239,2014
τοπικής αυτοδιοίκηςη,ΘΕΣΣΑΛΟΝΙΚΗΣ,ΑΜΠΕΛΟΚΗΠΩΝ - ΜΕΝΕΜΕΝΗΣ,19686,17718,2014
τοπικής αυτοδιοίκηςη,ΘΕΣΣΑΛΟΝΙΚΗΣ,ΒΟΛΒΗΣ,13468,12977,2014
τοπικής αυτοδιοίκηςη,ΘΕΣΣΑΛΟΝΙΚΗΣ,ΔΕΛΤΑ,18543,17966,2014
τοπικής αυτοδιοίκηςη,ΘΕΣΣΑΛΟΝΙΚΗΣ,ΘΕΡΜΑΙΚΟΥ,16415,15354,2014
τοπικής αυτοδιοίκηςη,ΘΕΣΣΑΛΟΝΙΚΗΣ,ΘΕΡΜΗΣ,18323,17019,2014
τοπικής αυτοδιοίκηςη,ΘΕΣΣΑΛΟΝΙΚΗΣ,ΘΕΣΣΑΛΟΝΙΚΗΣ,132497,114265,2014
τοπικής αυτοδιοίκηςη,ΘΕΣΣΑΛΟΝΙΚΗΣ,ΚΑΛΑΜΑΡΙΑΣ,28321,24789,2014
τοπικής αυτοδιοίκηςη,ΘΕΣΣΑΛΟΝΙΚΗΣ,ΚΟΡΔΕΛΙΟΥ -ΕΥΟΣΜΟΥ,28625,26492,2014
τοπικής αυτοδιοίκηςη,ΘΕΣΣΑΛΟΝΙΚΗΣ,ΛΑΓΚΑΔΑ,26511,25604,2014
τοπικής αυτοδιοίκηςη,ΘΕΣΣΑΛΟΝΙΚΗΣ,ΝΕΑΠΟΛΗΣ - ΣΥΚΕΩΝ,34455,30712,2014
τοπικής αυτοδιοίκηςη,ΘΕΣΣΑΛΟΝΙΚΗΣ,ΠΑΥΛΟΥ ΜΕΛΑ,29629,27233,2014
τοπικής αυτοδιοίκηςη,ΘΕΣΣΑΛΟΝΙΚΗΣ,ΠΥΛΑΙΑΣ - ΧΟΡΤΙΑΤΗ,21430,19090,2014
τοπικής αυτοδιοίκηςη,ΘΕΣΣΑΛΟΝΙΚΗΣ,ΧΑΛΚΗΔΟΝΟΣ,16480,15938,2014
τοπικής αυτοδιοίκηςη,ΘΕΣΣΑΛΟΝΙΚΗΣ,ΩΡΑΙΟΚΑΣΤΡΟΥ,15367,14576,2014
τοπικής αυτοδιοίκηςη,ΚΙΛΚΙΣ,ΚΙΛΚΙΣ,34870,32885,2014
τοπικής αυτοδιοίκηςη,ΚΙΛΚΙΣ,ΠΑΙΟΝΙΑΣ,19213,18796,2014
τοπικής αυτοδιοίκηςη,ΠΕΛΛΑΣ,ΑΛΜΩΠΙΑΣ,16110,16265,2014
τοπικής αυτοδιοίκηςη,ΠΕΛΛΑΣ,ΕΔΕΣΣΑΣ,15547,14784,2014
τοπικής αυτοδιοίκηςη,ΠΕΛΛΑΣ,ΠΕΛΛΑΣ,32847,32224,2014
τοπικής αυτοδιοίκηςη,ΠΕΛΛΑΣ,ΣΚΥΔΡΑΣ,10725,10118,2014
τοπικής αυτοδιοίκηςη,ΠΙΕΡΙΑΣ,ΔΙΟΥ - ΟΛΥΜΠΟΥ,13524,13743,2014
τοπικής αυτοδιοίκηςη,ΠΙΕΡΙΑΣ,ΚΑΤΕΡΙΝΗΣ,42792,40864,2014
τοπικής αυτοδιοίκηςη,ΠΙΕΡΙΑΣ,ΠΥΔΝΑΣ - ΚΟΛΙΝΔΡΟΥ,9985,9660,2014
τοπικής αυτοδιοίκηςη,ΣΕΡΡΩΝ,ΑΜΦΙΠΟΛΗΣ,7917,7674,2014
τοπικής αυτοδιοίκηςη,ΣΕΡΡΩΝ,ΒΙΣΑΛΤΙΑΣ,15823,15608,2014
τοπικής αυτοδιοίκηςη,ΣΕΡΡΩΝ,ΕΜΜΑΝΟΥΗΛ ΠΑΠΠΑ,11806,11990,2014
τοπικής αυτοδιοίκηςη,ΣΕΡΡΩΝ,ΗΡΑΚΛΕΙΑΣ,15377,15438,2014
τοπικής αυτοδιοίκηςη,ΣΕΡΡΩΝ,ΝΕΑΣ ΖΙΧΝΗΣ,8884,8686,2014
τοπικής αυτοδιοίκηςη,ΣΕΡΡΩΝ,ΣΕΡΡΩΝ,38338,35999,2014
τοπικής αυτοδιοίκηςη,ΣΕΡΡΩΝ,ΣΙΝΤΙΚΗΣ,20376,19895,2014
τοπικής αυτοδιοίκηςη,ΧΑΛΚΙΔΙΚΗΣ,ΑΡΙΣΤΟΤΕΛΗ,10742,10707,2014
τοπικής αυτοδιοίκηςη,ΧΑΛΚΙΔΙΚΗΣ,ΚΑΣΣΑΝΔΡΑΣ,7529,7475,2014
τοπικής αυτοδιοίκηςη,ΧΑΛΚΙΔΙΚΗΣ,ΝΕΑΣ ΠΡΟΠΟΝΤΙΔΑΣ,16829,15741,2014
τοπικής αυτοδιοίκηςη,ΧΑΛΚΙΔΙΚΗΣ,ΠΟΛΥΓΥΡΟΥ,11553,10955,2014
τοπικής αυτοδιοίκηςη,ΧΑΛΚΙΔΙΚΗΣ,ΣΙΘΩΝΙΑΣ,6336,6352,2014
τοπικής αυτοδιοίκηςη,ΓΡΕΒΕΝΩΝ,ΓΡΕΒΕΝΩΝ,16916,17557,2014
τοπικής αυτοδιοίκηςη,ΓΡΕΒΕΝΩΝ,ΔΕΣΚΑΤΗΣ,4297,4446,2014
τοπικής αυτοδιοίκηςη,ΚΑΣΤΟΡΙΑΣ,ΚΑΣΤΟΡΙΑΣ,20270,19839,2014
τοπικής αυτοδιοίκηςη,ΚΑΣΤΟΡΙΑΣ,ΝΕΣΤΟΡΙΟΥ,4024,4066,2014
τοπικής αυτοδιοίκηςη,ΚΑΣΤΟΡΙΑΣ,ΟΡΕΣΤΙΔΟΣ,7311,7210,2014
τοπικής αυτοδιοίκηςη,ΚΟΖΑΝΗΣ,ΒΟΙΟΥ,14950,14834,2014
τοπικής αυτοδιοίκηςη,ΚΟΖΑΝΗΣ,ΕΟΡΔΑΙΑΣ,23041,22387,2014
τοπικής αυτοδιοίκηςη,ΚΟΖΑΝΗΣ,ΚΟΖΑΝΗΣ,33214,32368,2014
τοπικής αυτοδιοίκηςη,ΚΟΖΑΝΗΣ,ΣΕΡΒΙΩΝ - ΒΕΛΒΕΝΤΟΥ ,11641,12156,2014
τοπικής αυτοδιοίκηςη,ΦΛΩΡΙΝΑΣ,ΑΜΥΝΤΑΙΟΥ,12593,12698,2014
τοπικής αυτοδιοίκηςη,ΦΛΩΡΙΝΑΣ,ΠΡΕΣΠΩΝ,3613,3625,2014
τοπικής αυτοδιοίκηςη,ΦΛΩΡΙΝΑΣ,ΦΛΩΡΙΝΑΣ,29370,28096,2014
τοπικής αυτοδιοίκηςη,ΑΡΤΑΣ,ΑΡΤΑΙΩΝ,21168,19870,2014
τοπικής αυτοδιοίκηςη,ΑΡΤΑΣ,ΓΕΩΡΓΙΟΥ ΚΑΡΑΙΣΚΑΚΗ,5636,6175,2014
τοπικής αυτοδιοίκηςη,ΑΡΤΑΣ,ΚΕΝΤΡΙΚΩΝ ΤΖΟΥΜΕΡΚΩΝ ,6741,6942,2014
τοπικής αυτοδιοίκηςη,ΑΡΤΑΣ,ΝΙΚΟΛΑΟΥ ΣΚΟΥΦΑ,7916,7729,2014
τοπικής αυτοδιοίκηςη,ΘΕΣΠΡΩΤΙΑΣ,ΗΓΟΥΜΕΝΙΤΣΑΣ,14316,14251,2014
τοπικής αυτοδιοίκηςη,ΘΕΣΠΡΩΤΙΑΣ,ΣΟΥΛΙΟΥ,8286,8634,2014
τοπικής αυτοδιοίκηςη,ΗΛΕΙΑΣ,ΖΑΧΑΡΩΣ,6551,6595,2014
τοπικής αυτοδιοίκηςη,ΘΕΣΠΡΩΤΙΑΣ,ΦΙΛΙΑΤΩΝ,7570,7815,2014
τοπικής αυτοδιοίκηςη,ΙΩΑΝΝΙΝΩΝ,ΒΟΡΕΙΩΝ ΤΖΟΥΜΕΡΚΩΝ,5487,5511,2014
τοπικής αυτοδιοίκηςη,ΙΩΑΝΝΙΝΩΝ,ΔΩΔΩΝΗΣ,9892,10548,2014
τοπικής αυτοδιοίκηςη,ΙΩΑΝΝΙΝΩΝ,ΖΑΓΟΡΙΟΥ,4480,4216,2014
τοπικής αυτοδιοίκηςη,ΙΩΑΝΝΙΝΩΝ,ΖΙΤΣΑΣ,10344,10033,2014
τοπικής αυτοδιοίκηςη,ΙΩΑΝΝΙΝΩΝ,ΙΩΑΝΝΙΤΩΝ,37229,34026,2014
τοπικής αυτοδιοίκηςη,ΙΩΑΝΝΙΝΩΝ,ΚΟΝΙΤΣΑΣ,6533,6589,2014
τοπικής αυτοδιοίκηςη,ΙΩΑΝΝΙΝΩΝ,ΜΕΤΣΟΒΟΥ,4993,5168,2014
τοπικής αυτοδιοίκηςη,ΙΩΑΝΝΙΝΩΝ,ΠΩΓΩΝΙΟΥ,8941,8608,2014
τοπικής αυτοδιοίκηςη,ΠΡΕΒΕΖΑΣ,ΖΗΡΟΥ,9967,10185,2014
τοπικής αυτοδιοίκηςη,ΠΡΕΒΕΖΑΣ,ΠΑΡΓΑΣ,8183,8682,2014
τοπικής αυτοδιοίκηςη,ΠΡΕΒΕΖΑΣ,ΠΡΕΒΕΖΑΣ,15477,14892,2014
τοπικής αυτοδιοίκηςη,ΚΑΡΔΙΤΣΑΣ,ΑΡΓΙΘΕΑΣ,4050,4105,2014
τοπικής αυτοδιοίκηςη,ΚΑΡΔΙΤΣΑΣ,ΚΑΡΔΙΤΣΑΣ,26422,25468,2014
τοπικής αυτοδιοίκηςη,ΚΑΡΔΙΤΣΑΣ,ΛΙΜΝΗΣ ΠΛΑΣΤΗΡΑ,4219,4324,2014
τοπικής αυτοδιοίκηςη,ΚΑΡΔΙΤΣΑΣ,ΜΟΥΖΑΚΙΟΥ,11301,11683,2014
τοπικής αυτοδιοίκηςη,ΚΑΡΔΙΤΣΑΣ,ΠΑΛΑΜΑ,9537,9666,2014
τοπικής αυτοδιοίκηςη,ΚΑΡΔΙΤΣΑΣ,ΣΟΦΑΔΩΝ,12570,12392,2014
τοπικής αυτοδιοίκηςη,ΛΑΡΙΣΑΣ,ΑΓΙΑΣ,7592,7336,2014
τοπικής αυτοδιοίκηςη,ΛΑΡΙΣΑΣ,ΕΛΑΣΣΟΝΑΣ,19709,20088,2014
τοπικής αυτοδιοίκηςη,ΛΑΡΙΣΑΣ,ΚΙΛΕΛΕΡ,12950,12543,2014
τοπικής αυτοδιοίκηςη,ΛΑΡΙΣΑΣ,ΛΑΡΙΣΑΙΩΝ,57185,51831,2014
τοπικής αυτοδιοίκηςη,ΛΑΡΙΣΑΣ,ΤΕΜΠΩΝ ,8992,9321,2014
τοπικής αυτοδιοίκηςη,ΛΑΡΙΣΑΣ,ΤΥΡΝΑΒΟΥ,11523,11235,2014
τοπικής αυτοδιοίκηςη,ΛΑΡΙΣΑΣ,ΦΑΡΣΑΛΩΝ,10451,10368,2014
τοπικής αυτοδιοίκηςη,ΜΑΓΝΗΣΙΑΣ,ΑΛΜΥΡΟΥ,10237,9741,2014
τοπικής αυτοδιοίκηςη,ΜΑΓΝΗΣΙΑΣ,ΒΟΛΟΥ,57771,53018,2014
τοπικής αυτοδιοίκηςη,ΜΑΓΝΗΣΙΑΣ,ΖΑΓΟΡΑΣ - ΜΟΥΡΕΣΙΟΥ,4004,3728,2014
τοπικής αυτοδιοίκηςη,ΜΑΓΝΗΣΙΑΣ,ΝΟΤΙΟΥ ΠΗΛΙΟΥ,6475,5902,2014
τοπικής αυτοδιοίκηςη,ΜΑΓΝΗΣΙΑΣ,ΡΗΓΑ ΦΕΡΑΙΟΥ,6722,6524,2014
τοπικής αυτοδιοίκηςη,ΣΠΟΡΑΔΩΝ,ΑΛΟΝΝΗΣΟΥ,860,875,2014
τοπικής αυτοδιοίκηςη,ΣΠΟΡΑΔΩΝ,ΣΚΙΑΘΟΥ,2466,2562,2014
τοπικής αυτοδιοίκηςη,ΣΠΟΡΑΔΩΝ,ΣΚΟΠΕΛΟΥ,2708,2634,2014
τοπικής αυτοδιοίκηςη,ΤΡΙΚΑΛΩΝ,ΚΑΛΑΜΠΑΚΑΣ,18559,18987,2014
τοπικής αυτοδιοίκηςη,ΤΡΙΚΑΛΩΝ,ΠΥΛΗΣ,12996,13461,2014
τοπικής αυτοδιοίκηςη,ΤΡΙΚΑΛΩΝ,ΤΡΙΚΚΑΙΩΝ,34092,32793,2014
τοπικής αυτοδιοίκηςη,ΤΡΙΚΑΛΩΝ,ΦΑΡΚΑΔΟΝΑΣ,9639,9781,2014
τοπικής αυτοδιοίκηςη,ΖΑΚΥΝΘΟΥ,ΖΑΚΥΝΘΟΥ,21218,20758,2014
τοπικής αυτοδιοίκηςη,ΙΘΑΚΗΣ,ΙΘΑΚΗΣ,2821,2711,2014
τοπικής αυτοδιοίκηςη,ΚΕΡΚΥΡΑΣ,ΚΕΡΚΥΡΑΣ,55375,51836,2014
τοπικής αυτοδιοίκηςη,ΚΕΡΚΥΡΑΣ,ΠΑΞΩΝ,1385,1298,2014
τοπικής αυτοδιοίκηςη,ΚΕΦΑΛΛΗΝΙΑΣ,ΚΕΦΑΛΟΝΙΑΣ,25513,25130,2014
τοπικής αυτοδιοίκηςη,ΛΕΥΚΑΔΑΣ,ΛΕΥΚΑΔΑΣ,13691,13648,2014
τοπικής αυτοδιοίκηςη,ΛΕΥΚΑΔΑΣ,ΜΕΓΑΝΗΣΙΟΥ,1052,1002,2014
τοπικής αυτοδιοίκηςη,ΑΙΤΩΛΟΑΚΑΡΝΑΝΙΑΣ,ΑΓΡΙΝΙΟΥ,48976,47532,2014
τοπικής αυτοδιοίκηςη,ΑΙΤΩΛΟΑΚΑΡΝΑΝΙΑΣ,ΑΚΤΙΟΥ - ΒΟΝΙΤΣΑΣ,9760,10150,2014
τοπικής αυτοδιοίκηςη,ΑΙΤΩΛΟΑΚΑΡΝΑΝΙΑΣ,ΑΜΦΙΛΟΧΙΑΣ,12472,12690,2014
τοπικής αυτοδιοίκηςη,ΑΙΤΩΛΟΑΚΑΡΝΑΝΙΑΣ,ΘΕΡΜΟΥ,5364,5495,2014
τοπικής αυτοδιοίκηςη,ΑΙΤΩΛΟΑΚΑΡΝΑΝΙΑΣ,ΙΕΡΑΣ ΠΟΛΗΣ ΜΕΣΟΛΟΓΓΙΟΥ,18398,17968,2014
τοπικής αυτοδιοίκηςη,ΑΙΤΩΛΟΑΚΑΡΝΑΝΙΑΣ,ΝΑΥΠΑΚΤΙΑΣ,17809,17429,2014
τοπικής αυτοδιοίκηςη,ΑΙΤΩΛΟΑΚΑΡΝΑΝΙΑΣ,ΞΗΡΟΜΕΡΟΥ,8867,9049,2014
τοπικής αυτοδιοίκηςη,ΑΧΑΙΑΣ,ΑΙΓΙΑΛΕΙΑΣ,27279,25928,2014
τοπικής αυτοδιοίκηςη,ΑΧΑΙΑΣ,ΔΥΤΙΚΗΣ ΑΧΑΙΑΣ,15058,15249,2014
τοπικής αυτοδιοίκηςη,ΑΧΑΙΑΣ,ΕΡΥΜΑΝΘΟΥ,7319,7866,2014
τοπικής αυτοδιοίκηςη,ΑΧΑΙΑΣ,ΚΑΛΑΒΡΥΤΩΝ,9319,9828,2014
τοπικής αυτοδιοίκηςη,ΑΧΑΙΑΣ,ΠΑΤΡΕΩΝ,83503,77088,2014
τοπικής αυτοδιοίκηςη,ΗΛΕΙΑΣ,ΑΝΔΡΑΒΙΔΑΣ - ΚΥΛΛΗΝΗΣ,10949,10607,2014
τοπικής αυτοδιοίκηςη,ΗΛΕΙΑΣ,ΑΝΔΡΙΤΣΑΙΝΑΣ - ΚΡΕΣΤΕΝΩΝ,8407,8815,2014
τοπικής αυτοδιοίκηςη,ΗΛΕΙΑΣ,ΑΡΧΑΙΑΣ ΟΛΥΜΠΙΑΣ,9591,9946,2014
τοπικής αυτοδιοίκηςη,ΗΛΕΙΑΣ,ΗΛΙΔΑΣ,17544,17331,2014
τοπικής αυτοδιοίκηςη,ΗΛΕΙΑΣ,ΠΗΝΕΙΟΥ,8429,8238,2014
τοπικής αυτοδιοίκηςη,ΗΛΕΙΑΣ,ΠΥΡΓΟΥ,26721,25350,2014
τοπικής αυτοδιοίκηςη,ΒΟΙΩΤΙΑΣ,ΑΛΙΑΡΤΟΥ,5729,5584,2014
τοπικής αυτοδιοίκηςη,ΒΟΙΩΤΙΑΣ,ΔΙΣΤΟΜΟΥ - ΑΡΑΧΟΒΑΣ - ΑΝΤΙΚΥΡΑΣ,3830,3755,2014
τοπικής αυτοδιοίκηςη,ΒΟΙΩΤΙΑΣ,ΘΗΒΑΙΩΝ,16884,15998,2014
τοπικής αυτοδιοίκηςη,ΒΟΙΩΤΙΑΣ,ΛΕΒΑΔΕΩΝ,15336,14533,2014
τοπικής αυτοδιοίκηςη,ΒΟΙΩΤΙΑΣ,ΟΡΧΟΜΕΝΟΥ,6601,6264,2014
τοπικής αυτοδιοίκηςη,ΒΟΙΩΤΙΑΣ,ΤΑΝΑΓΡΑΣ,7095,6889,2014
τοπικής αυτοδιοίκηςη,ΕΥΒΟΙΑΣ,ΔΙΡΦΥΩΝ - ΜΕΣΣΑΠΙΩΝ,9995,9855,2014
τοπικής αυτοδιοίκηςη,ΕΥΒΟΙΑΣ,ΕΡΕΤΡΙΑΣ,6646,6496,2014
τοπικής αυτοδιοίκηςη,ΕΥΒΟΙΑΣ,ΙΣΤΙΑΙΑΣ - ΑΙΔΗΨΟΥ,11945,11446,2014
τοπικής αυτοδιοίκηςη,ΕΥΒΟΙΑΣ,ΚΑΡΥΣΤΟΥ,8207,7863,2014
τοπικής αυτοδιοίκηςη,ΕΥΒΟΙΑΣ,ΚΥΜΗΣ - ΑΛΙΒΕΡΙΟΥ,17671,17476,2014
τοπικής αυτοδιοίκηςη,ΕΥΒΟΙΑΣ,ΜΑΝΤΟΥΔΙΟΥ - ΛΙΜΝΗΣ - ΑΓΙΑΣ ΑΝΝΑΣ,8032,8105,2014
τοπικής αυτοδιοίκηςη,ΕΥΒΟΙΑΣ,ΣΚΥΡΟΥ,1922,1929,2014
τοπικής αυτοδιοίκηςη,ΕΥΒΟΙΑΣ,ΧΑΛΚΙΔΕΩΝ,38899,36968,2014
τοπικής αυτοδιοίκηςη,ΕΥΡΥΤΑΝΙΑΣ,ΑΓΡΑΦΩΝ,5953,6645,2014
τοπικής αυτοδιοίκηςη,ΕΥΡΥΤΑΝΙΑΣ,ΚΑΡΠΕΝΗΣΙΟΥ,10019,9658,2014
τοπικής αυτοδιοίκηςη,ΦΘΙΩΤΙΔΑΣ,ΑΜΦΙΚΛΕΙΑΣ - ΕΛΑΤΕΙΑΣ,5975,5699,2014
τοπικής αυτοδιοίκηςη,ΦΘΙΩΤΙΔΑΣ,ΔΟΜΟΚΟΥ,7192,7385,2014
τοπικής αυτοδιοίκηςη,ΦΘΙΩΤΙΔΑΣ,ΛΑΜΙΕΩΝ,31821,29535,2014
τοπικής αυτοδιοίκηςη,ΦΘΙΩΤΙΔΑΣ,ΛΟΚΡΩΝ,10034,9426,2014
τοπικής αυτοδιοίκηςη,ΦΘΙΩΤΙΔΑΣ,ΜΑΚΡΑΚΩΜΗΣ,9513,9527,2014
τοπικής αυτοδιοίκηςη,ΦΘΙΩΤΙΔΑΣ,ΜΩΛΟΥ - ΑΓΙΟΥ ΚΩΝΣΤΑΝΤΙΝΟΥ,6380,6101,2014
τοπικής αυτοδιοίκηςη,ΦΘΙΩΤΙΔΑΣ,ΣΤΥΛΙΔΑΣ,6822,6404,2014
τοπικής αυτοδιοίκηςη,ΦΩΚΙΔΑΣ,ΔΕΛΦΩΝ,13865,13216,2014
τοπικής αυτοδιοίκηςη,ΦΩΚΙΔΑΣ,ΔΩΡΙΔΟΣ,8972,8745,2014
τοπικής αυτοδιοίκηςη,ΒΟΡΕΙΟΥ ΤΟΜΕΑ ΑΘΗΝΩΝ,ΑΓΙΑΣ ΠΑΡΑΣΚΕΥΗΣ,20067,17506,2014
τοπικής αυτοδιοίκηςη,ΒΟΡΕΙΟΥ ΤΟΜΕΑ ΑΘΗΝΩΝ,ΑΜΑΡΟΥΣΙΟΥ,25885,22309,2014
τοπικής αυτοδιοίκηςη,ΒΟΡΕΙΟΥ ΤΟΜΕΑ ΑΘΗΝΩΝ,ΒΡΙΛΗΣΣΙΩΝ,10454,9364,2014
τοπικής αυτοδιοίκηςη,ΒΟΡΕΙΟΥ ΤΟΜΕΑ ΑΘΗΝΩΝ,ΗΡΑΚΛΕΙΟΥ,17800,16047,2014
τοπικής αυτοδιοίκηςη,ΒΟΡΕΙΟΥ ΤΟΜΕΑ ΑΘΗΝΩΝ,ΚΗΦΙΣΙΑΣ,28133,24806,2014
τοπικής αυτοδιοίκηςη,ΒΟΡΕΙΟΥ ΤΟΜΕΑ ΑΘΗΝΩΝ,ΛΥΚΟΒΡΥΣΗΣ - ΠΕΥΚΗΣ,11195,9901,2014
τοπικής αυτοδιοίκηςη,ΒΟΡΕΙΟΥ ΤΟΜΕΑ ΑΘΗΝΩΝ,ΜΕΤΑΜΟΡΦΩΣΕΩΣ,9940,9201,2014
τοπικής αυτοδιοίκηςη,ΒΟΡΕΙΟΥ ΤΟΜΕΑ ΑΘΗΝΩΝ,ΝΕΑΣ ΙΩΝΙΑΣ,25472,22848,2014
τοπικής αυτοδιοίκηςη,ΒΟΡΕΙΟΥ ΤΟΜΕΑ ΑΘΗΝΩΝ,ΠΑΠΑΓΟΥ - ΧΟΛΑΡΓΟΥ,19549,16634,2014
τοπικής αυτοδιοίκηςη,ΒΟΡΕΙΟΥ ΤΟΜΕΑ ΑΘΗΝΩΝ,ΠΕΝΤΕΛΗΣ,12805,11475,2014
τοπικής αυτοδιοίκηςη,ΒΟΡΕΙΟΥ ΤΟΜΕΑ ΑΘΗΝΩΝ,ΦΙΛΟΘΕΗΣ - ΨΥΧΙΚΟΥ,14669,12499,2014
τοπικής αυτοδιοίκηςη,ΒΟΡΕΙΟΥ ΤΟΜΕΑ ΑΘΗΝΩΝ,ΧΑΛΑΝΔΡΙΟΥ,26735,23336,2014
τοπικής αυτοδιοίκηςη,ΔΥΤΙΚΟΥ ΤΟΜΕΑ ΑΘΗΝΩΝ,ΑΓΙΑΣ ΒΑΡΒΑΡΑΣ,11802,10701,2014
τοπικής αυτοδιοίκηςη,ΔΥΤΙΚΟΥ ΤΟΜΕΑ ΑΘΗΝΩΝ,ΑΓΙΩΝ ΑΝΑΡΓΥΡΩΝ - ΚΑΜΑΤΕΡΟΥ,22184,20548,2014
τοπικής αυτοδιοίκηςη,ΔΥΤΙΚΟΥ ΤΟΜΕΑ ΑΘΗΝΩΝ,ΑΙΓΑΛΕΩ,31200,28617,2014
τοπικής αυτοδιοίκηςη,ΔΥΤΙΚΟΥ ΤΟΜΕΑ ΑΘΗΝΩΝ,ΙΛΙΟΥ (ΝΕΩΝ ΛΙΟΣΙΩΝ),26554,24798,2014
τοπικής αυτοδιοίκηςη,ΔΥΤΙΚΟΥ ΤΟΜΕΑ ΑΘΗΝΩΝ,ΠΕΡΙΣΤΕΡΙΟΥ,57166,52614,2014
τοπικής αυτοδιοίκηςη,ΔΥΤΙΚΟΥ ΤΟΜΕΑ ΑΘΗΝΩΝ,ΠΕΤΡΟΥΠΟΛΕΩΣ,19402,17849,2014
τοπικής αυτοδιοίκηςη,ΔΥΤΙΚΟΥ ΤΟΜΕΑ ΑΘΗΝΩΝ,ΧΑΙΔΑΡΙΟΥ,17025,15752,2014
τοπικής αυτοδιοίκηςη,ΚΕΝΤΡΙΚΟΥ ΤΟΜΕΑ ΑΘΗΝΩΝ,ΑΘΗΝΑΙΩΝ,260896,216409,2014
τοπικής αυτοδιοίκηςη,ΚΕΝΤΡΙΚΟΥ ΤΟΜΕΑ ΑΘΗΝΩΝ,ΒΥΡΩΝΟΣ,23110,20238,2014
τοπικής αυτοδιοίκηςη,ΚΕΝΤΡΙΚΟΥ ΤΟΜΕΑ ΑΘΗΝΩΝ,ΓΑΛΑΤΣΙΟΥ,19120,17281,2014
τοπικής αυτοδιοίκηςη,ΚΕΝΤΡΙΚΟΥ ΤΟΜΕΑ ΑΘΗΝΩΝ,ΔΑΦΝΗΣ - ΥΜΗΤΤΟΥ,16109,14144,2014
τοπικής αυτοδιοίκηςη,ΚΕΝΤΡΙΚΟΥ ΤΟΜΕΑ ΑΘΗΝΩΝ,ΖΩΓΡΑΦΟΥ,25599,22121,2014
τοπικής αυτοδιοίκηςη,ΚΕΝΤΡΙΚΟΥ ΤΟΜΕΑ ΑΘΗΝΩΝ,ΗΛΙΟΥΠΟΛΕΩΣ,30517,27706,2014
τοπικής αυτοδιοίκηςη,ΚΕΝΤΡΙΚΟΥ ΤΟΜΕΑ ΑΘΗΝΩΝ,ΚΑΙΣΑΡΙΑΝΗΣ,12619,11179,2014
τοπικής αυτοδιοίκηςη,ΚΕΝΤΡΙΚΟΥ ΤΟΜΕΑ ΑΘΗΝΩΝ,ΦΙΛΑΔΕΛΦΕΙΑΣ - ΧΑΛΚΗΔΟΝΟΣ,16518,14232,2014
τοπικής αυτοδιοίκηςη,ΝΟΤΙΟΥ ΤΟΜΕΑ ΑΘΗΝΩΝ,ΑΓΙΟΥ ΔΗΜΗΤΡΙΟΥ,22470,20658,2014
τοπικής αυτοδιοίκηςη,ΝΟΤΙΟΥ ΤΟΜΕΑ ΑΘΗΝΩΝ,ΑΛΙΜΟΥ,16248,14331,2014
τοπικής αυτοδιοίκηςη,ΝΟΤΙΟΥ ΤΟΜΕΑ ΑΘΗΝΩΝ,ΓΛΥΦΑΔΑΣ,31835,28442,2014
τοπικής αυτοδιοίκηςη,ΝΟΤΙΟΥ ΤΟΜΕΑ ΑΘΗΝΩΝ,ΕΛΛΗΝΙΚΟΥ - ΑΡΓΥΡΟΥΠΟΛΗΣ,18714,17087,2014
τοπικής αυτοδιοίκηςη,ΝΟΤΙΟΥ ΤΟΜΕΑ ΑΘΗΝΩΝ,ΚΑΛΛΙΘΕΑΣ,41695,34683,2014
τοπικής αυτοδιοίκηςη,ΝΟΤΙΟΥ ΤΟΜΕΑ ΑΘΗΝΩΝ,ΜΟΣΧΑΤΟΥ - ΤΑΥΡΟΥ,18911,16962,2014
τοπικής αυτοδιοίκηςη,ΝΟΤΙΟΥ ΤΟΜΕΑ ΑΘΗΝΩΝ,ΝΕΑΣ ΣΜΥΡΝΗΣ,29792,24874,2014
τοπικής αυτοδιοίκηςη,ΝΟΤΙΟΥ ΤΟΜΕΑ ΑΘΗΝΩΝ,ΠΑΛΑΙΟΥ ΦΑΛΗΡΟΥ,26471,22649,2014
τοπικής αυτοδιοίκηςη,ΠΕΙΡΑΙΩΣ ,ΚΕΡΑΤΣΙΝΙΟΥ - ΔΡΑΠΕΤΣΩΝΑΣ,38731,35160,2014
τοπικής αυτοδιοίκηςη,ΠΕΙΡΑΙΩΣ ,ΚΟΡΥΔΑΛΛΟΥ,26067,23549,2014
τοπικής αυτοδιοίκηςη,ΠΕΙΡΑΙΩΣ ,ΝΙΚΑΙΑΣ - ΑΓΙΟΥ ΙΩΑΝΝΗ ΡΕΝΤΗ,50401,44031,2014
τοπικής αυτοδιοίκηςη,ΠΕΙΡΑΙΩΣ ,ΠΕΙΡΑΙΩΣ,85435,72212,2014
τοπικής αυτοδιοίκηςη,ΠΕΙΡΑΙΩΣ ,ΠΕΡΑΜΑΤΟΣ,11953,11305,2014
τοπικής αυτοδιοίκηςη,ΝΗΣΩΝ,ΑΓΚΙΣΤΡΙΟΥ,515,536,2014
τοπικής αυτοδιοίκηςη,ΝΗΣΩΝ,ΑΙΓΙΝΑΣ,6829,6391,2014
τοπικής αυτοδιοίκηςη,ΝΗΣΩΝ,ΚΥΘΗΡΩΝ,3636,3597,2014
τοπικής αυτοδιοίκηςη,ΝΗΣΩΝ,ΠΟΡΟΥ,2388,2190,2014
τοπικής αυτοδιοίκηςη,ΝΗΣΩΝ,ΣΑΛΑΜΙΝΑΣ,16105,15207,2014
τοπικής αυτοδιοίκηςη,ΝΗΣΩΝ,ΣΠΕΤΣΩΝ,2192,2111,2014
τοπικής αυτοδιοίκηςη,ΝΗΣΩΝ,ΤΡΟΙΖΗΝΙΑΣ,4050,4059,2014
τοπικής αυτοδιοίκηςη,ΝΗΣΩΝ,ΥΔΡΑΣ,1622,1573,2014
τοπικής αυτοδιοίκηςη,ΑΝΑΤΟΛΙΚΗΣ ΑΤΤΙΚΗΣ,ΑΧΑΡΝΩΝ,33945,32452,2014
τοπικής αυτοδιοίκηςη,ΑΝΑΤΟΛΙΚΗΣ ΑΤΤΙΚΗΣ,ΒΑΡΗΣ - ΒΟΥΛΑΣ - ΒΟΥΛΙΑΓΜΕΝΗΣ,19439,17715,2014
τοπικής αυτοδιοίκηςη,ΑΝΑΤΟΛΙΚΗΣ ΑΤΤΙΚΗΣ,ΔΙΟΝΥΣΟΥ,13524,12490,2014
τοπικής αυτοδιοίκηςη,ΑΝΑΤΟΛΙΚΗΣ ΑΤΤΙΚΗΣ,ΚΡΩΠΙΑΣ,9813,9235,2014
τοπικής αυτοδιοίκηςη,ΑΝΑΤΟΛΙΚΗΣ ΑΤΤΙΚΗΣ,ΛΑΥΡΕΩΤΙΚΗΣ,10263,9734,2014
τοπικής αυτοδιοίκηςη,ΑΝΑΤΟΛΙΚΗΣ ΑΤΤΙΚΗΣ,ΜΑΡΑΘΩΝΟΣ,11897,11125,2014
τοπικής αυτοδιοίκηςη,ΑΝΑΤΟΛΙΚΗΣ ΑΤΤΙΚΗΣ,ΜΑΡΚΟΠΟΥΛΟΥ ΜΕΣΟΓΑΙΑΣ,6737,6291,2014
τοπικής αυτοδιοίκηςη,ΑΝΑΤΟΛΙΚΗΣ ΑΤΤΙΚΗΣ,ΠΑΙΑΝΙΑΣ,8956,8367,2014
τοπικής αυτοδιοίκηςη,ΑΝΑΤΟΛΙΚΗΣ ΑΤΤΙΚΗΣ,ΠΑΛΛΗΝΗΣ,15604,14614,2014
τοπικής αυτοδιοίκηςη,ΑΝΑΤΟΛΙΚΗΣ ΑΤΤΙΚΗΣ,ΡΑΦΗΝΑΣ - ΠΙΚΕΡΜΙΟΥ,6788,6306,2014
τοπικής αυτοδιοίκηςη,ΑΝΑΤΟΛΙΚΗΣ ΑΤΤΙΚΗΣ,ΣΑΡΩΝΙΚΟΥ,11201,10476,2014
τοπικής αυτοδιοίκηςη,ΑΝΑΤΟΛΙΚΗΣ ΑΤΤΙΚΗΣ,ΣΠΑΤΩΝ - ΑΡΤΕΜΙΔΟΣ,11620,11088,2014
τοπικής αυτοδιοίκηςη,ΑΝΑΤΟΛΙΚΗΣ ΑΤΤΙΚΗΣ,ΩΡΩΠΟΥ,11982,11548,2014
τοπικής αυτοδιοίκηςη,ΔΥΤΙΚΗΣ ΑΤΤΙΚΗΣ,ΑΣΠΡΟΠΥΡΓΟΥ,11742,11432,2014
τοπικής αυτοδιοίκηςη,ΔΥΤΙΚΗΣ ΑΤΤΙΚΗΣ,ΕΛΕΥΣΙΝΑΣ,12259,11649,2014
τοπικής αυτοδιοίκηςη,ΔΥΤΙΚΗΣ ΑΤΤΙΚΗΣ,ΜΑΝΔΡΑΣ - ΕΙΔΥΛΛΙΑΣ,9210,8635,2014
τοπικής αυτοδιοίκηςη,ΔΥΤΙΚΗΣ ΑΤΤΙΚΗΣ,ΜΕΓΑΡΕΩΝ,14481,13545,2014
τοπικής αυτοδιοίκηςη,ΔΥΤΙΚΗΣ ΑΤΤΙΚΗΣ,ΦΥΛΗΣ,16944,16038,2014
τοπικής αυτοδιοίκηςη,ΑΡΓΟΛΙΔΟΣ,ΑΡΓΟΥΣ - ΜΥΚΗΝΩΝ,22296,21825,2014
τοπικής αυτοδιοίκηςη,ΑΡΓΟΛΙΔΟΣ,ΕΠΙΔΑΥΡΟΥ,4607,4500,2014
τοπικής αυτοδιοίκηςη,ΑΡΓΟΛΙΔΟΣ,ΕΡΜΙΟΝΙΔΑΣ,6408,6258,2014
τοπικής αυτοδιοίκηςη,ΑΡΓΟΛΙΔΟΣ,ΝΑΥΠΛΙΕΩΝ,15199,14406,2014
τοπικής αυτοδιοίκηςη,ΑΡΚΑΔΙΑΣ,ΒΟΡΕΙΑΣ ΚΥΝΟΥΡΙΑΣ,7495,7509,2014
τοπικής αυτοδιοίκηςη,ΑΡΚΑΔΙΑΣ,ΓΟΡΤΥΝΙΑΣ,13333,13495,2014
τοπικής αυτοδιοίκηςη,ΑΡΚΑΔΙΑΣ,ΜΕΓΑΛΟΠΟΛΗΣ,8381,8467,2014
τοπικής αυτοδιοίκηςη,ΑΡΚΑΔΙΑΣ,ΝΟΤΙΑΣ ΚΥΝΟΥΡΙΑΣ,5361,5382,2014
τοπικής αυτοδιοίκηςη,ΑΡΚΑΔΙΑΣ,ΤΡΙΠΟΛΗΣ,30843,30764,2014
τοπικής αυτοδιοίκηςη,ΚΟΡΙΝΘΙΑΣ,ΒΕΛΟΥ - ΒΟΧΑΣ,9182,8656,2014
τοπικής αυτοδιοίκηςη,ΚΟΡΙΝΘΙΑΣ,ΚΟΡΙΝΘΙΩΝ,25714,24401,2014
τοπικής αυτοδιοίκηςη,ΚΟΡΙΝΘΙΑΣ,ΛΟΥΤΡΑΚΙΟΥ - ΑΓΙΩΝ ΘΕΟΔΩΡΩΝ,9488,8903,2014
τοπικής αυτοδιοίκηςη,ΚΟΡΙΝΘΙΑΣ,ΝΕΜΕΑΣ,4070,3840,2014
τοπικής αυτοδιοίκηςη,ΚΟΡΙΝΘΙΑΣ,ΞΥΛΟΚΑΣΤΡΟΥ - ΕΥΡΩΣΤΙΝΗΣ,11463,10208,2014
τοπικής αυτοδιοίκηςη,ΚΟΡΙΝΘΙΑΣ,ΣΙΚΥΩΝΙΩΝ,12798,12452,2014
τοπικής αυτοδιοίκηςη,ΛΑΚΩΝΙΑΣ,ΑΝΑΤΟΛΙΚΗΣ ΜΑΝΗΣ,11386,11165,2014
τοπικής αυτοδιοίκηςη,ΛΑΚΩΝΙΑΣ,ΕΛΑΦΟΝΗΣΟΥ,593,623,2014
τοπικής αυτοδιοίκηςη,ΛΑΚΩΝΙΑΣ,ΕΥΡΩΤΑ,11737,11360,2014
τοπικής αυτοδιοίκηςη,ΛΑΚΩΝΙΑΣ,ΜΟΝΕΜΒΑΣΙΑΣ,13808,13888,2014
τοπικής αυτοδιοίκηςη,ΛΑΚΩΝΙΑΣ,ΣΠΑΡΤΗΣ,28220,25902,2014
τοπικής αυτοδιοίκηςη,ΜΕΣΣΗΝΙΑΣ,ΔΥΤΙΚΗΣ ΜΑΝΗΣ,5045,4906,2014
τοπικής αυτοδιοίκηςη,ΜΕΣΣΗΝΙΑΣ,ΚΑΛΑΜΑΤΑΣ,34409,31973,2014
τοπικής αυτοδιοίκηςη,ΜΕΣΣΗΝΙΑΣ,ΜΕΣΣΗΝΗΣ,19163,19002,2014
τοπικής αυτοδιοίκηςη,ΜΕΣΣΗΝΙΑΣ,ΟΙΧΑΛΙΑΣ,10424,10207,2014
τοπικής αυτοδιοίκηςη,ΜΕΣΣΗΝΙΑΣ,ΠΥΛΟΥ - ΝΕΣΤΟΡΟΣ,15543,14666,2014
τοπικής αυτοδιοίκηςη,ΜΕΣΣΗΝΙΑΣ,ΤΡΙΦΥΛΛΙΑΣ,17580,16970,2014
τοπικής αυτοδιοίκηςη,ΙΚΑΡΙΑΣ,ΙΚΑΡΙΑΣ ,5846,5765,2014
τοπικής αυτοδιοίκηςη,ΙΚΑΡΙΑΣ,ΦΟΥΡΝΩΝ ΚΟΡΣΕΩΝ,917,862,2014
τοπικής αυτοδιοίκηςη,ΛΕΣΒΟΥ,ΛΕΣΒΟΥ,55143,49677,2014
τοπικής αυτοδιοίκηςη,ΛΗΜΝΟΥ,ΑΓΙΟΥ ΕΥΣΤΡΑΤΙΟΥ,489,441,2014
τοπικής αυτοδιοίκηςη,ΛΗΜΝΟΥ,ΛΗΜΝΟΥ,12878,12307,2014
τοπικής αυτοδιοίκηςη,ΣΑΜΟΥ,ΣΑΜΟΥ,19168,18677,2014
τοπικής αυτοδιοίκηςη,ΧΙΟΥ,ΟΙΝΟΥΣΣΩΝ,819,716,2014
τοπικής αυτοδιοίκηςη,ΧΙΟΥ,ΧΙΟΥ,31488,30065,2014
τοπικής αυτοδιοίκηςη,ΧΙΟΥ,ΨΑΡΩΝ,305,315,2014
τοπικής αυτοδιοίκηςη,ΑΝΔΡΟΥ,ΑΝΔΡΟΥ,6540,6506,2014
τοπικής αυτοδιοίκηςη,ΘΗΡΑΣ,ΑΝΑΦΗΣ,233,253,2014
τοπικής αυτοδιοίκηςη,ΘΗΡΑΣ,ΘΗΡΑΣ,6914,7000,2014
τοπικής αυτοδιοίκηςη,ΘΗΡΑΣ,ΙΗΤΩΝ,1142,1185,2014
τοπικής αυτοδιοίκηςη,ΘΗΡΑΣ,ΣΙΚΙΝΟΥ,252,254,2014
τοπικής αυτοδιοίκηςη,ΘΗΡΑΣ,ΦΟΛΕΓΑΝΔΡΟΥ,417,412,2014
τοπικής αυτοδιοίκηςη,ΚΑΛΥΜΝΟΥ,ΑΓΑΘΟΝΗΣΙΟΥ,141,147,2014
τοπικής αυτοδιοίκηςη,ΚΑΛΥΜΝΟΥ,ΑΣΤΥΠΑΛΑΙΑΣ,1043,1052,2014
τοπικής αυτοδιοίκηςη,ΚΑΛΥΜΝΟΥ,ΚΑΛΥΜΝΙΩΝ,10377,10644,2014
τοπικής αυτοδιοίκηςη,ΚΑΛΥΜΝΟΥ,ΛΕΙΨΩΝ,571,601,2014
τοπικής αυτοδιοίκηςη,ΚΑΛΥΜΝΟΥ,ΛΕΡΟΥ,4465,4316,2014
τοπικής αυτοδιοίκηςη,ΚΑΛΥΜΝΟΥ,ΠΑΤΜΟΥ,1633,1689,2014
τοπικής αυτοδιοίκηςη,ΚΑΡΠΑΘΟΥ,ΚΑΡΠΑΘΟΥ,4265,4298,2014
τοπικής αυτοδιοίκηςη,ΚΑΡΠΑΘΟΥ,ΚΑΣΟΥ,995,980,2014
τοπικής αυτοδιοίκηςη,ΚΕΑΣ-ΚΥΘΝΟΥ,ΚΕΑΣ,1243,1158,2014
τοπικής αυτοδιοίκηςη,ΚΕΑΣ-ΚΥΘΝΟΥ,ΚΥΘΝΟΥ,1306,1329,2014
τοπικής αυτοδιοίκηςη,ΚΩ,ΚΩ,14289,14530,2014
τοπικής αυτοδιοίκηςη,ΚΩ,ΝΙΣΥΡΟΥ,1129,1130,2014
τοπικής αυτοδιοίκηςη,ΜΗΛΟΥ,ΚΙΜΩΛΟΥ,747,789,2014
τοπικής αυτοδιοίκηςη,ΜΗΛΟΥ,ΜΗΛΟΥ,2778,2700,2014
τοπικής αυτοδιοίκηςη,ΜΗΛΟΥ,ΣΕΡΙΦΟΥ,1233,1133,2014
τοπικής αυτοδιοίκηςη,ΜΗΛΟΥ,ΣΙΦΝΟΥ,1627,1674,2014
τοπικής αυτοδιοίκηςη,ΜΥΚΟΝΟΥ,ΜΥΚΟΝΟΥ,3623,3814,2014
τοπικής αυτοδιοίκηςη,ΝΑΞΟΥ,ΑΜΟΡΓΟΥ,1106,1138,2014
τοπικής αυτοδιοίκηςη,ΝΑΞΟΥ,ΝΑΞΟΥ & ΜΙΚΡΩΝ ΚΥΚΛΑΔΩΝ,10840,10541,2014
τοπικής αυτοδιοίκηςη,ΠΑΡΟΥ,ΑΝΤΙΠΑΡΟΥ,579,605,2014
τοπικής αυτοδιοίκηςη,ΠΑΡΟΥ,ΠΑΡΟΥ,6300,6179,2014
τοπικής αυτοδιοίκηςη,ΡΟΔΟΥ,ΜΕΓΙΣΤΗΣ,859,735,2014
τοπικής αυτοδιοίκηςη,ΡΟΔΟΥ,ΡΟΔΟΥ,48713,48958,2014
τοπικής αυτοδιοίκηςη,ΡΟΔΟΥ,ΣΥΜΗΣ,2047,2286,2014
τοπικής αυτοδιοίκηςη,ΡΟΔΟΥ,ΤΗΛΟΥ,543,522,2014
τοπικής αυτοδιοίκηςη,ΡΟΔΟΥ,ΧΑΛΚΗΣ,389,385,2014
τοπικής αυτοδιοίκηςη,ΣΥΡΟΥ,ΣΥΡΟΥ - ΕΡΜΟΥΠΟΛΗΣ,10937,9903,2014
τοπικής αυτοδιοίκηςη,ΤΗΝΟΥ,ΤΗΝΟΥ,5186,4927,2014
τοπικής αυτοδιοίκηςη,ΗΡΑΚΛΕΙΟΥ,ΑΡΧΑΝΩΝ - ΑΣΤΕΡΟΥΣΙΩΝ,9399,9255,2014
τοπικής αυτοδιοίκηςη,ΗΡΑΚΛΕΙΟΥ,ΒΙΑΝΝΟΥ,3507,3264,2014
τοπικής αυτοδιοίκηςη,ΗΡΑΚΛΕΙΟΥ,ΓΟΡΤΥΝΑΣ,9582,9508,2014
τοπικής αυτοδιοίκηςη,ΗΡΑΚΛΕΙΟΥ,ΗΡΑΚΛΕΙΟΥ,64260,59934,2014
τοπικής αυτοδιοίκηςη,ΗΡΑΚΛΕΙΟΥ,ΜΑΛΕΒΙΖΙΟΥ,10711,10699,2014
τοπικής αυτοδιοίκηςη,ΗΡΑΚΛΕΙΟΥ,ΜΙΝΩΑ ΠΕΔΙΑΔΟΣ,9837,9633,2014
τοπικής αυτοδιοίκηςη,ΗΡΑΚΛΕΙΟΥ,ΦΑΙΣΤΟΥ,11124,11281,2014
τοπικής αυτοδιοίκηςη,ΗΡΑΚΛΕΙΟΥ,ΧΕΡΣΟΝΗΣΟΥ,9440,9874,2014
τοπικής αυτοδιοίκηςη,ΛΑΣΙΘΙΟΥ,ΑΓΙΟΥ ΝΙΚΟΛΑΟΥ,11278,10938,2014
τοπικής αυτοδιοίκηςη,ΛΑΣΙΘΙΟΥ,ΙΕΡΑΠΕΤΡΑΣ,11556,11550,2014
τοπικής αυτοδιοίκηςη,ΛΑΣΙΘΙΟΥ,ΟΡΟΠΕΔΙΟΥ ΛΑΣΙΘΙΟΥ,1930,1793,2014
τοπικής αυτοδιοίκηςη,ΛΑΣΙΘΙΟΥ,ΣΗΤΕΙΑΣ,9891,9594,2014
τοπικής αυτοδιοίκηςη,ΡΕΘΥΜΝΗΣ,ΑΓΙΟΥ ΒΑΣΙΛΕΙΟΥ,4927,5100,2014
τοπικής αυτοδιοίκηςη,ΡΕΘΥΜΝΗΣ,ΑΜΑΡΙΟΥ,3324,3501,2014
τοπικής αυτοδιοίκηςη,ΡΕΘΥΜΝΗΣ,ΑΝΩΓΕΙΩΝ,1339,1321,2014
τοπικής αυτοδιοίκηςη,ΡΕΘΥΜΝΗΣ,ΜΥΛΟΠΟΤΑΜΟΥ,7127,7247,2014
τοπικής αυτοδιοίκηςη,ΡΕΘΥΜΝΗΣ,ΡΕΘΥΜΝΗΣ,19180,17983,2014
τοπικής αυτοδιοίκηςη,ΧΑΝΙΩΝ,ΑΠΟΚΟΡΩΝΟΥ,8559,8597,2014
τοπικής αυτοδιοίκηςη,ΧΑΝΙΩΝ,ΓΑΥΔΟΥ,82,101,2014
τοπικής αυτοδιοίκηςη,ΧΑΝΙΩΝ,ΚΑΝΤΑΝΟΥ - ΣΕΛΙΝΟΥ,3619,3661,2014
τοπικής αυτοδιοίκηςη,ΧΑΝΙΩΝ,ΚΙΣΣΑΜΟΥ,6546,6609,2014
τοπικής αυτοδιοίκηςη,ΧΑΝΙΩΝ,ΠΛΑΤΑΝΙΑ,10988,10983,2014
τοπικής αυτοδιοίκηςη,ΧΑΝΙΩΝ,ΣΦΑΚΙΩΝ,1556,1594,2014
τοπικής αυτοδιοίκηςη,ΧΑΝΙΩΝ,ΧΑΝΙΩΝ,40534,37540,2014
